Workbook

Sheet KASENGA
A1: COLLECTE RAPIDE DES DONNEES STATISTIQUES SCOLAIRES DES PARAMETRES ESSENTIELS
A2: TABLEAU SYNTHESE
A3: SOUS-DIVISION EDUCATIONNELLE :…………………………………………………………………………………. | D3: KASENGA
A4: PROVINCE EDUCATIONNELLE :…………………………………………………………………………………. | D4: HAUT-KATANGA 2
A5: PROVINCE ADMINISTRATIVE :…………………………………………………………………………………. | D5: HAUT-KATANGA
A6: Tableau 1 : Nombre d’Etablissements scolaires par Niveau d’enseignement et Regime de Gestion
A7: N° | B7: Niveau d’enseignement et Régime de Gestion | C7: PRE-PRIMAIRE | D7: PRIMAIRE | E7: SECONDAIRE | F7: TOTAL
A9: 1 | B9: ENC | C9: 0 | D9: 17 | E9: 13 | F9: 30
A10: 2 | B10: ECC | C10: 4 | D10: 77 | E10: 40 | F10: 121
A11: 3 | B11: ECP | C11: 0 | D11: 87 | E11: 48 | F11: 135
A12: 4 | B12: ECK | C12: 0 | D12: 1 | E12: 0 | F12: 1
A13: 5 | B13: ECBAPT | C13: 0 | D13: 0 | E13: 1 | F13: 1
A14: 6 | B14: ECADV | C14: 0 | D14: 1 | E14: 1 | F14: 2
A15: 7 | B15: PRIVEE | C15: 1 | D15: 5 | E15: 3 | F15: 9
A16: TOTAL | C16: =SUM(C9:C15) -> 5 | D16: =SUM(D9:D15) -> 188 | E16: =SUM(E9:E15) -> 106 | F16: =SUM(F9:F15) -> 299
A18: ENSEIGNEMENT PRE-PRIMAIRE
A19: Tableau 2 : Nombre de classes organisées par année d’études et regime de gestion
A20: N° | B20: Niveau d’enseignement et Régime de Gestion | C20: 1ère année | D20: 2è année | E20: 3è annnée | F20: TOTAL
A21: 1 | B21: ENC | C21: 0 | D21: 0 | E21: 0 | F21: 0
A22: 2 | B22: ECC | C22: 4 | D22: 4 | E22: 4 | F22: 12
A23: 3 | B23: ECP | C23: 0 | D23: 0 | E23: 0 | F23: 0
A24: 4 | B24: ECK | C24: 0 | D24: 0 | E24: 0 | F24: 0
A25: 5 | B25: ECBAPT | C25: 0 | D25: 0 | E25: 0 | F25: 0
A26: 6 | B26: ECADV | C26: 0 | D26: 0 | E26: 0 | F26: 0
A27: 7 | B27: PRIVEE | C27: 1 | D27: 1 | E27: 1 | F27: 3
A28: TOTAL | C28: =SUM(C21:C27) -> 5 | D28: =SUM(D21:D27) -> 5 | E28: =SUM(E21:E27) -> 5 | F28: =SUM(F21:F27) -> 15
A30: Tableau 3 : Enfants inscrits par année d’études, sexe et regime de gestion
A31: N° | B31: Niveau d’enseignement et Régime de Gestion | C31: 1ère Année | E31: 2è Année | G31: 3è Année | I31: TOTAL
C32: G | D32: F | E32: G | F32: F | G32: G | H32: F | I32: G | J32: F | K32: GF
A33: 1 | B33: ENC | C33: 0 | D33: 0 | F33: 0 | G33: 0 | H33: 0 | I33: =G33+E33+C33 -> 0 | J33: =H33+F33+D33 -> 0 | K33: =J33+I33 -> 0
A34: 2 | B34: ECC | C34: 49 | D34: 57 | E34: 53 | F34: 55 | G34: 45 | H34: 49 | I34: =G34+E34+C34 -> 147 | J34: =H34+F34+D34 -> 161 | K34: =J34+I34 -> 308
A35: 3 | B35: ECP | C35: 0 | D35: 0 | E35: 0 | F35: 0 | G35: 0 | H35: 0 | I35: =G35+E35+C35 -> 0 | J35: =H35+F35+D35 -> 0 | K35: =J35+I35 -> 0
A36: 4 | B36: ECK | C36: 0 | D36: 0 | E36: 0 | F36: 0 | G36: 0 | H36: 0 | I36: =G36+E36+C36 -> 0 | J36: =H36+F36+D36 -> 0 | K36: =J36+I36 -> 0
A37: 5 | B37: ECBAPT | C37: 0 | D37: 0 | E37: 0 | F37: 0 | G37: 0 | H37: 0 | I37: =G37+E37+C37 -> 0 | J37: =H37+F37+D37 -> 0 | K37: =J37+I37 -> 0
A38: 6 | B38: ECADV | C38: 0 | D38: 0 | E38: 0 | F38: 0 | G38: 0 | H38: 0 | I38: =G38+E38+C38 -> 0 | J38: =H38+F38+D38 -> 0 | K38: =J38+I38 -> 0
A39: 7 | B39: PRIVEE | C39: 5 | D39: 4 | E39: 3 | F39: 2 | G39: 1 | H39: 3 | I39: =G39+E39+C39 -> 9 | J39: =H39+F39+D39 -> 9 | K39: =J39+I39 -> 18 | BL39: G | BN39: F | BO39: G | BP39: F | BQ39: G+F
A40: TOTAL | C40: =SUM(C33:C39) -> 54 | D40: =SUM(D33:D39) -> 61 | E40: =SUM(E33:E39) -> 56 | F40: =SUM(F33:F39) -> 57 | G40: =SUM(G33:G39) -> 46 | H40: =SUM(H33:H39) -> 52 | I40: =SUM(I33:I39) -> 156 | J40: =SUM(J33:J39) -> 170 | K40: =SUM(K33:K39) -> 326
A42: Tableau 4 : Educateurs (trices) par qualification, sexe et régime de gestion
A43: N° | B43: Niveau d’enseignement et Régime de Gestion | C43: EAP, D3 | E43: D4 | G43: EM | I43: D6 | K43: AUTRE | M43: TOTAL
C44: H | D44: F | E44: H | F44: F | G44: H | H44: F | I44: H | J44: F | K44: H | L44: F | M44: H | N44: F | O44: HF
A45: 1 | B45: ENC | C45: 0 | D45: 0 | E45: 0 | F45: 0 | G45: 0 | H45: 0 | I45: 0 | J45: 0 | K45: 0 | L45: 0 | M45: =K45+I45+G45+E45+C45 -> 0 | N45: =L45+J45+H45+F45+D45 -> 0 | O45: =N45+M45 -> 0
A46: 2 | B46: ECC | C46: 0 | D46: 0 | E46: 0 | F46: 0 | G46: 0 | H46: 0 | I46: 0 | J46: 28 | K46: 0 | L46: 0 | M46: =K46+I46+G46+E46+C46 -> 0 | N46: =L46+J46+H46+F46+D46 -> 28 | O46: =N46+M46 -> 28
A47: 3 | B47: ECP | C47: 0 | D47: 0 | E47: 0 | F47: 0 | G47: 0 | H47: 0 | I47: 0 | J47: 0 | K47: 0 | L47: 0 | M47: =K47+I47+G47+E47+C47 -> 0 | N47: =L47+J47+H47+F47+D47 -> 0 | O47: =N47+M47 -> 0
A48: 4 | B48: ECK | C48: 0 | D48: 0 | E48: 0 | F48: 0 | G48: 0 | H48: 0 | I48: 0 | J48: 0 | K48: 0 | L48: 0 | M48: =K48+I48+G48+E48+C48 -> 0 | N48: =L48+J48+H48+F48+D48 -> 0 | O48: =N48+M48 -> 0
A49: 5 | B49: ECBAPT | C49: 0 | D49: 0 | E49: 0 | F49: 0 | G49: 0 | H49: 0 | I49: 0 | J49: 0 | K49: 0 | L49: 0 | M49: =K49+I49+G49+E49+C49 -> 0 | N49: =L49+J49+H49+F49+D49 -> 0 | O49: =N49+M49 -> 0
A50: 6 | B50: ECADV | C50: 0 | D50: 0 | E50: 0 | F50: 0 | G50: 0 | H50: 0 | I50: 0 | J50: 0 | K50: 0 | L50: 0 | M50: =K50+I50+G50+E50+C50 -> 0 | N50: =L50+J50+H50+F50+D50 -> 0 | O50: =N50+M50 -> 0
A51: 7 | B51: PRIVEE | C51: 0 | D51: 0 | E51: 0 | F51: 0 | G51: 0 | H51: 0 | I51: 0 | J51: 3 | K51: 0 | L51: 0 | M51: =K51+I51+G51+E51+C51 -> 0 | N51: =L51+J51+H51+F51+D51 -> 3 | O51: =N51+M51 -> 3
A52: TOTAL | C52: =SUM(C45:C51) -> 0 | D52: =SUM(D45:D51) -> 0 | E52: =SUM(E45:E51) -> 0 | F52: =SUM(F45:F51) -> 0 | G52: =SUM(G45:G51) -> 0 | H52: =SUM(H45:H51) -> 0 | I52: =SUM(I45:I51) -> 0 | J52: =SUM(J45:J51) -> 31 | ... O52: =SUM(O45:O51) -> 31
A54: ENSEIGNEMENT PRIMAIRE
A55: Tableau 1 : Nombre de classes organisées par année d’études et régime de gestion
A56: N° | B56: Niveau d’enseignement et Régime de Gestion | C56: 1ère année | D56: 2e année | E56: 3e année | F56: 4e année | G56: 5e | H56: 6e | I56: TOTAL
A57: 1 | B57: ENC | C57: 19 | D57: 19 | E57: 17 | F57: 17 | G57: 17 | H57: 17 | I57: =SUM(C57:H57) -> 106
A58: 2 | B58: ECC | C58: 116 | D58: 105 | E58: 95 | F58: 89 | G58: 89 | H58: 84 | I58: =SUM(C58:H58) -> 578
A59: 3 | B59: ECP | C59: 95 | D59: 96 | E59: 95 | F59: 95 | G59: 89 | H59: 87 | I59: =SUM(C59:H59) -> 557
A60: 4 | B60: ECK | C60: 1 | D60: 1 | E60: 1 | F60: 1 | G60: 1 | H60: 1 | I60: =SUM(C60:H60) -> 6
A61: 5 | B61: ECBAPT | C61: 0 | D61: 0 | E61: 0 | F61: 0 | G61: 0 | H61: 0 | I61: =SUM(C61:H61) -> 0
A62: 6 | B62: ECADV | C62: 2 | D62: 2 | E62: 1 | F62: 1 | G62: 1 | H62: 1 | I62: =SUM(C62:H62) -> 8
A63: 7 | B63: PRIVEE | C63: 5 | D63: 5 | E63: 5 | F63: 5 | G63: 5 | H63: 5 | I63: =SUM(C63:H63) -> 30
A64: TOTAL | C64: =SUM(C57:C63) -> 238 | D64: =SUM(D57:D63) -> 228 | E64: =SUM(E57:E63) -> 214 | F64: =SUM(F57:F63) -> 208 | G64: =SUM(G57:G63) -> 202 | H64: =SUM(H57:H63) -> 195 | I64: =SUM(C64:H64) -> 1285
A66: Tableau 2: Elèves inscrits par année d’études, sexe et régime de gestion
A67: N° | B67: Niveau d’enseignement et Régime de Gestion | C67: 1ère année | E67: 2e année | G67: 3e Année | I67: 4e Année | K67: 5e Année | M67: 6e Année | O67: TOTAL
C68: G | D68: F | E68: G | F68: F | G68: G | H68: F | I68: G | J68: F | K68: G | L68: F | M68: G | N68: F | O68: G | P68: F | Q68: GF | CP68: 6e Année | CR68: TOTAL
A69: 1 | B69: ENC | C69: 556 | D69: 631 | E69: 571 | F69: 593 | G69: 521 | H69: 476 | I69: 469 | J69: 405 | K69: 369 | L69: 315 | M69: 302 | N69: 260 | O69: =M69+K69+I69+G69+E69+C69 -> 2788 | P69: =N69+L69+J69+H69+F69+D69 -> 2680 | Q69: =P69+O69 -> 5468 | CO69: F | CP69: G | CQ69: F
A70: 2 | B70: ECC | C70: 3756 | D70: 3695 | E70: 3347 | F70: 3096 | G70: 2994 | H70: 2787 | I70: 2665 | J70: 2361 | K70: 2342 | L70: 2002 | M70: 1909 | N70: 1428 | O70: =M70+K70+I70+G70+E70+C70 -> 17013 | P70: =N70+L70+J70+H70+F70+D70 -> 15369 | Q70: =P70+O70 -> 32382
A71: 3 | B71: ECP | C71: 3703 | D71: 3363 | E71: 2975 | F71: 2770 | G71: 2756 | H71: 2564 | I71: 2497 | J71: 2439 | K71: 2015 | L71: 1904 | M71: 1607 | N71: 1347 | O71: =M71+K71+I71+G71+E71+C71 -> 15553 | P71: =N71+L71+J71+H71+F71+D71 -> 14387 | Q71: =P71+O71 -> 29940
A72: 4 | B72: ECK | C72: 40 | D72: 45 | E72: 50 | F72: 51 | G72: 60 | H72: 70 | I72: 50 | J72: 50 | K72: 45 | L72: 46 | M72: 48 | N72: 50 | O72: =M72+K72+I72+G72+E72+C72 -> 293 | P72: =N72+L72+J72+H72+F72+D72 -> 312 | Q72: =P72+O72 -> 605
A73: 5 | B73: ECBAPT | C73: 0 | D73: 0 | E73: 0 | F73: 0 | G73: 0 | H73: 0 | I73: 0 | J73: 0 | K73: 0 | L73: 0 | M73: 0 | N73: 0 | O73: =M73+K73+I73+G73+E73+C73 -> 0 | P73: =N73+L73+J73+H73+F73+D73 -> 0 | Q73: =P73+O73 -> 0
A74: 6 | B74: ECADV | C74: 61 | D74: 60 | E74: 50 | F74: 64 | G74: 52 | H74: 44 | I74: 43 | J74: 41 | K74: 39 | L74: 35 | M74: 12 | N74: 3 | O74: =M74+K74+I74+G74+E74+C74 -> 257 | P74: =N74+L74+J74+H74+F74+D74 -> 247 | Q74: =P74+O74 -> 504
A75: 7 | B75: PRIVEE | C75: 99 | D75: 102 | E75: 93 | F75: 121 | G75: 91 | H75: 92 | I75: 70 | J75: 67 | K75: 53 | L75: 46 | M75: 53 | N75: 36 | O75: =M75+K75+I75+G75+E75+C75 -> 459 | P75: =N75+L75+J75+H75+F75+D75 -> 464 | Q75: =P75+O75 -> 923
A76: TOTAL | C76: =SUM(C69:C75) -> 8215 | D76: =SUM(D69:D75) -> 7896 | E76: =SUM(E69:E75) -> 7086 | F76: =SUM(F69:F75) -> 6695 | G76: =SUM(G69:G75) -> 6474 | H76: =SUM(H69:H75) -> 6033 | I76: =SUM(I69:I75) -> 5794 | J76: =SUM(J69:J75) -> 5363 | ... Q76: =SUM(Q69:Q75) -> 69822
A78: Tableau 3 : Personnel enseignant par qualification, sexe et regime de gestion
A79: N° | B79: Niveau d’enseignement et Régime de Gestion | C79: EAP, D3 | E79: D4 | G79: D6 | I79: AUTRE | K79: TOTAL | CP79: 6e | CQ79: TOTAL
C80: H | D80: F | E80: H | F80: F | G80: H | H80: F | I80: H | J80: F | K80: H | L80: F | M80: HF | CP80: F
A81: 1 | B81: ENC | C81: 0 | D81: 0 | E81: 0 | F81: 0 | G81: 88 | H81: 18 | I81: 0 | J81: 0 | K81: =I81+G81+E81+C81 -> 88 | L81: =J81+H81+F81+D81 -> 18 | M81: =L81+K81 -> 106
A82: 2 | B82: ECC | C82: 0 | D82: 0 | E82: 0 | F82: 0 | G82: 481 | H82: 97 | I82: 0 | J82: 0 | K82: =I82+G82+E82+C82 -> 481 | L82: =J82+H82+F82+D82 -> 97 | M82: =L82+K82 -> 578
A83: 3 | B83: ECP | C83: 0 | D83: 0 | E83: 0 | F83: 0 | G83: 470 | H83: 87 | I83: 0 | J83: 0 | K83: =I83+G83+E83+C83 -> 470 | L83: =J83+H83+F83+D83 -> 87 | M83: =L83+K83 -> 557
A84: 4 | B84: ECK | C84: 0 | D84: 0 | E84: 0 | F84: 0 | G84: 6 | H84: 0 | I84: 0 | J84: 0 | K84: =I84+G84+E84+C84 -> 6 | L84: =J84+H84+F84+D84 -> 0 | M84: =L84+K84 -> 6
A85: 5 | B85: ECBAPT | C85: 0 | D85: 0 | E85: 0 | F85: 0 | G85: 0 | H85: 0 | I85: 0 | J85: 0 | K85: =I85+G85+E85+C85 -> 0 | L85: =J85+H85+F85+D85 -> 0 | M85: =L85+K85 -> 0
A86: 6 | B86: ECADV | C86: 0 | D86: 0 | E86: 0 | F86: 0 | G86: 5 | H86: 3 | I86: 0 | J86: 0 | K86: =I86+G86+E86+C86 -> 5 | L86: =J86+H86+F86+D86 -> 3 | M86: =L86+K86 -> 8
A87: 7 | B87: PRIVEE | C87: 0 | D87: 0 | E87: 0 | F87: 0 | G87: 20 | H87: 10 | I87: 0 | J87: 0 | K87: =I87+G87+E87+C87 -> 20 | L87: =J87+H87+F87+D87 -> 10 | M87: =L87+K87 -> 30
A88: TOTAL | C88: =SUM(C81:C87) -> 0 | D88: =SUM(D81:D87) -> 0 | E88: =SUM(E81:E87) -> 0 | F88: =SUM(F81:F87) -> 0 | G88: =SUM(G81:G87) -> 1070 | H88: =SUM(H81:H87) -> 215 | I88: =SUM(I81:I87) -> 0 | J88: =SUM(J81:J87) -> 0 | ... M88: =SUM(M81:M87) -> 1285
A91: ENSEIGNEMENT SECONDAIRE
A92: Tableau 1 : Nombre de classes organisées par année d’études et regime de gestion
A93: N° | B93: Classe et Régime de Gestion | C93: 7e année | D93: 8e Année | E93: 1ère année | F93: 2e année | G93: 3e Année | H93: 4e Année | I93: TOTAL
A94: 1 | B94: ENC | C94: 13 | D94: 13 | E94: 13 | F94: 13 | G94: 13 | H94: 10 | I94: =SUM(C94:H94) -> 75
A95: 2 | B95: ECC | C95: 48 | D95: 46 | E95: 50 | F95: 50 | G95: 38 | H95: 35 | I95: =SUM(C95:H95) -> 267
A96: 3 | B96: ECP | C96: 52 | D96: 50 | E96: 56 | F96: 51 | G96: 54 | H96: 49 | I96: =SUM(C96:H96) -> 312
A97: 4 | B97: ECK | C97: 0 | D97: 0 | E97: 0 | F97: 0 | G97: 0 | H97: 0 | I97: =SUM(C97:H97) -> 0
A98: 5 | B98: ECBAPT | C98: 1 | D98: 1 | E98: 1 | F98: 0 | G98: 0 | H98: 0 | I98: =SUM(C98:H98) -> 3
A99: 6 | B99: ECADV | C99: 1 | D99: 1 | E99: 1 | F99: 1 | G99: 0 | H99: 0 | I99: =SUM(C99:H99) -> 4
A100: 7 | B100: PRIVEE | C100: 4 | D100: 3 | E100: 6 | F100: 4 | G100: 2 | H100: 1 | I100: =SUM(C100:H100) -> 20
A101: TOTAL | C101: =SUM(C94:C100) -> 119 | D101: =SUM(D94:D100) -> 114 | E101: =SUM(E94:E100) -> 127 | F101: =SUM(F94:F100) -> 119 | G101: =SUM(G94:G100) -> 107 | H101: =SUM(H94:H100) -> 95 | I101: =SUM(I94:I100) -> 681
A103: Tableau : Eleves inscrits par niveau d’études, sexe et regime de gestion
A105: N° | B105: Niveau d’enseignement et Régime de Gestion | C105: 7e année | E105: 8e Année | G105: 1ère année | I105: 2e année | K105: 3e Année | M105: 4e Année | O105: TOTAL
C106: G | D106: F | E106: G | F106: F | G106: G | H106: F | I106: G | J106: F | K106: G | L106: F | M106: G | N106: F | O106: G | P106: F | Q106: GF
A107: 1 | B107: ENC | C107: 297 | D107: 219 | E107: 261 | F107: 160 | G107: 152 | H107: 89 | I107: 136 | J107: 82 | K107: 101 | L107: 63 | M107: 106 | N107: 48 | O107: =SUM(C107+E107+G107+I107+K107+M107) -> 1053 | P107: =SUM(D107+F107+H107+J107+L107+N107) -> 661 | Q107: =P107+O107 -> 1714
A108: 2 | B108: ECC | C108: 1136 | D108: 808 | E108: 879 | F108: 577 | G108: 682 | H108: 405 | I108: 534 | J108: 310 | K108: 415 | L108: 195 | M108: 360 | N108: 179 | O108: =SUM(C108+E108+G108+I108+K108+M108) -> 4006 | P108: =SUM(D108+F108+H108+J108+L108+N108) -> 2474 | Q108: =P108+O108 -> 6480
A109: 3 | B109: ECP | C109: 1054 | D109: 720 | E109: 700 | F109: 488 | G109: 682 | H109: 362 | I109: 528 | J109: 216 | K109: 449 | L109: 177 | M109: 375 | N109: 183 | O109: =SUM(C109+E109+G109+I109+K109+M109) -> 3788 | P109: =SUM(D109+F109+H109+J109+L109+N109) -> 2146 | Q109: =P109+O109 -> 5934
A110: 4 | B110: ECK | C110: 0 | D110: 0 | G110: 0 | H110: 0 | I110: 0 | J110: 0 | K110: 0 | L110: 0 | M110: 0 | N110: 0 | O110: =SUM(C110+E110+G110+I110+K110+M110) -> 0 | P110: =SUM(D110+F110+H110+J110+L110+N110) -> 0 | Q110: =P110+O110 -> 0
A111: 5 | B111: ECBAPT | C111: 14 | D111: 10 | E111: 10 | F111: 3 | G111: 5 | H111: 2 | I111: 0 | J111: 0 | K111: 0 | L111: 0 | M111: 0 | N111: 0 | O111: =SUM(C111+E111+G111+I111+K111+M111) -> 29 | P111: =SUM(D111+F111+H111+J111+L111+N111) -> 15 | Q111: =P111+O111 -> 44
...

Sheet KILWA
A1: COLLECTE RAPIDE DES DONNEES STATISTIQUES SCOLAIRES DES PARAMETRES ESSENTIELS
A2: TABLEAU SYNTHESE
A3: SOUS-DIVISION EDUCATIONNELLE :…………………………………………………………………………………. | D3: KILWA
A4: PROVINCE EDUCATIONNELLE :…………………………………………………………………………………. | D4: HAUT-KATANGA 2
A5: PROVINCE ADMINISTRATIVE :…………………………………………………………………………………. | D5: HAUT-KATANGA
A6: Tableau 1 : Nombre d’Etablissements scolaires par Niveau d’enseignement et Regime de Gestion
A7: N° | B7: Niveau d’enseignement et Régime de Gestion | C7: PRE-PRIMAIRE | D7: PRIMAIRE | E7: SECONDAIRE | F7: TOTAL
A8: 1 | B8: ENC | C8: 0 | D8: 11 | E8: 11 | F8: =SUM(C8:E8) -> 22
A9: 2 | B9: ECC | C9: 1 | D9: 51 | E9: 23 | F9: =SUM(C9:E9) -> 75
A10: 3 | B10: ECP | C10: 1 | D10: 71 | E10: 37 | F10: =SUM(C10:E10) -> 109
A11: 4 | B11: ECK | C11: 0 | D11: 3 | E11: 2 | F11: =SUM(C11:E11) -> 5
A12: 5 | B12: ECBAPT | C12: 0 | D12: 0 | E12: 0 | F12: =SUM(C12:E12) -> 0
A13: 6 | B13: ECADV | C13: 0 | D13: 1 | E13: 1 | F13: =SUM(C13:E13) -> 2
A14: 7 | B14: PRIVEE | C14: 0 | D14: 0 | E14: 0 | F14: =SUM(C14:E14) -> 0
A15: TOTAL | C15: =SUM(C8:C14) -> 2 | D15: =SUM(D8:D14) -> 137 | E15: =SUM(E8:E14) -> 74 | F15: =SUM(F8:F14) -> 213
A17: ENSEIGNEMENT PRE-PRIMAIRE
A18: Tableau 2 : Nombre de classes organisées par année d’études et regime de gestion
A19: N° | B19: Niveau d’enseignement et Régime de Gestion | C19: 1ère année | D19: 2è année | E19: 3è annnée | F19: TOTAL
A20: 1 | B20: ENC | C20: 0 | D20: 0 | E20: 0 | F20: =SUM(C20:E20) -> 0
A21: 2 | B21: ECC | C21: 2 | D21: 1 | E21: 1 | F21: =SUM(C21:E21) -> 4
A22: 3 | B22: ECP | C22: 2 | D22: 2 | E22: 0 | F22: =SUM(C22:E22) -> 4
A23: 4 | B23: ECK | C23: 0 | D23: 0 | E23: 0 | F23: 0
A24: 5 | B24: ECBAPT | C24: 0 | D24: 0 | E24: 0 | F24: 0
A25: 6 | B25: ECADV | C25: 0 | D25: 0 | E25: 0 | F25: 0
A26: 7 | B26: PRIVEE | C26: 0 | D26: 0 | E26: 0 | F26: 0
A27: TOTAL | C27: =SUM(C20:C26) -> 4 | D27: =SUM(D20:D26) -> 3 | E27: =SUM(E20:E26) -> 1 | F27: =SUM(F20:F26) -> 8
A29: Tableau : Enfants inscrits par année d’études, sexe et regime de gestion
A30: N° | B30: Niveau d’enseignement et Régime de Gestion | C30: 1ère Année | E30: 2è Année | G30: 3è Année | I30: TOTAL
C31: G | D31: F | E31: G | F31: F | G31: G | H31: F | I31: G | J31: F | K31: GF
A32: 1 | B32: ENC | C32: 0 | D32: 0 | E32: 0 | F32: 0 | G32: 0 | H32: 0 | I32: =G32+E32+C32 -> 0 | J32: =H32+F32+D32 -> 0 | K32: =J32+I32 -> 0
A33: 2 | B33: ECC | C33: 15 | D33: 17 | E33: 13 | F33: 18 | G33: 0 | H33: 0 | I33: =G33+E33+C33 -> 28 | J33: =H33+F33+D33 -> 35 | K33: =J33+I33 -> 63
A34: 3 | B34: ECP | C34: 8 | D34: 10 | E34: 7 | F34: 5 | G34: 9 | H34: 4 | I34: =G34+E34+C34 -> 24 | J34: =H34+F34+D34 -> 19 | K34: =J34+I34 -> 43
A35: 4 | B35: ECK | C35: 0 | D35: 0 | E35: 0 | F35: 0 | G35: 0 | H35: 0 | I35: =G35+E35+C35 -> 0 | J35: =H35+F35+D35 -> 0 | K35: =J35+I35 -> 0
A36: 5 | B36: ECBAPT | C36: 0 | D36: 0 | E36: 0 | F36: 0 | G36: 0 | H36: 0 | I36: =G36+E36+C36 -> 0 | J36: =H36+F36+D36 -> 0 | K36: =J36+I36 -> 0
A37: 6 | B37: ECADV | C37: 0 | D37: 0 | E37: 0 | F37: 0 | G37: 0 | H37: 0 | I37: =G37+E37+C37 -> 0 | J37: =H37+F37+D37 -> 0 | K37: =J37+I37 -> 0
A38: 7 | B38: PRIVEE | C38: 0 | D38: 0 | E38: 0 | F38: 0 | G38: 0 | H38: 0 | I38: =G38+E38+C38 -> 0 | J38: =H38+F38+D38 -> 0 | K38: =J38+I38 -> 0
A39: TOTAL | C39: =SUM(C32:C38) -> 23 | D39: =SUM(D32:D38) -> 27 | E39: =SUM(E32:E38) -> 20 | F39: =SUM(F32:F38) -> 23 | G39: =SUM(G32:G38) -> 9 | H39: =SUM(H32:H38) -> 4 | I39: =SUM(I32:I38) -> 52 | J39: =SUM(J32:J38) -> 54 | K39: =SUM(K32:K38) -> 106
A41: Tableau 4 : Educateurs (trices) par qualification, sexe et régime de gestion
A42: N° | B42: Niveau d’enseignement et Régime de Gestion | C42: EAP, D3 | E42: D4 | G42: EM | I42: D6 | K42: AUTRE | M42: TOTAL
C43: H | D43: F | E43: H | F43: F | G43: H | H43: F | I43: H | J43: F | K43: H | L43: F | M43: H | N43: F | O43: HF
A44: 1 | B44: ENC | C44: 0 | D44: 0 | E44: 0 | F44: 0 | G44: 0 | H44: 0 | I44: 0 | J44: 0 | K44: 0 | L44: 0 | M44: =K44+I44+G44+E44+C44 -> 0 | N44: =L44+J44+H44+F44+D44 -> 0 | O44: =N44+M44 -> 0
A45: 2 | B45: ECC | C45: 0 | D45: 0 | E45: 0 | F45: 0 | G45: 0 | H45: 0 | I45: 0 | J45: 4 | K45: 0 | L45: 0 | M45: =K45+I45+G45+E45+C45 -> 0 | N45: =L45+J45+H45+F45+D45 -> 4 | O45: =N45+M45 -> 4
A46: 3 | B46: ECP | C46: 0 | D46: 0 | E46: 0 | F46: 0 | G46: 0 | H46: 0 | I46: 0 | J46: 4 | K46: 0 | L46: 0 | M46: =K46+I46+G46+E46+C46 -> 0 | N46: =L46+J46+H46+F46+D46 -> 4 | O46: =N46+M46 -> 4
A47: 4 | B47: ECK | C47: 0 | D47: 0 | E47: 0 | F47: 0 | G47: 0 | H47: 0 | I47: 0 | J47: 0 | K47: 0 | L47: 0 | M47: =K47+I47+G47+E47+C47 -> 0 | N47: =L47+J47+H47+F47+D47 -> 0 | O47: =N47+M47 -> 0
A48: 5 | B48: ECBAPT | C48: 0 | D48: 0 | E48: 0 | F48: 0 | G48: 0 | H48: 0 | I48: 0 | J48: 0 | K48: 0 | L48: 0 | M48: =K48+I48+G48+E48+C48 -> 0 | N48: =L48+J48+H48+F48+D48 -> 0 | O48: =N48+M48 -> 0
A49: 6 | B49: ECADV | C49: 0 | D49: 0 | E49: 0 | F49: 0 | G49: 0 | H49: 0 | I49: 0 | J49: 0 | K49: 0 | L49: 0 | M49: =K49+I49+G49+E49+C49 -> 0 | N49: =L49+J49+H49+F49+D49 -> 0 | O49: =N49+M49 -> 0
A50: 7 | B50: PRIVEE | C50: 0 | D50: 0 | E50: 0 | F50: 0 | G50: 0 | H50: 0 | I50: 0 | J50: 0 | K50: 0 | L50: 0 | M50: =K50+I50+G50+E50+C50 -> 0 | N50: =L50+J50+H50+F50+D50 -> 0 | O50: =N50+M50 -> 0
A51: TOTAL | C51: 0 | D51: 0 | E51: 0 | F51: 0 | G51: 0 | H51: 0 | I51: 0 | J51: 8 | K51: 0 | L51: 0 | M51: 0 | N51: 8 | O51: 8
A53: ENSEIGNEMENT PRIMAIRE
A54: Tableau 1 : Nombre de classes organisées par année d’études et régime de gestion
A55: N° | B55: Niveau d’enseignement et Régime de Gestion | C55: 1ère année | D55: 2e année | E55: 3e année | F55: 4e année | G55: 5e | H55: 6e | I55: TOTAL
A56: 1 | B56: ENC | C56: 15 | D56: 15 | E56: 12 | F56: 12 | G56: 12 | H56: 12 | I56: =H56+G56+F56+E56+D56+C56 -> 78
A57: 2 | B57: ECC | C57: 105 | D57: 99 | E57: 97 | F57: 97 | G57: 96 | H57: 84 | I57: =H57+G57+F57+E57+D57+C57 -> 578
A58: 3 | B58: ECP | C58: 84 | D58: 81 | E58: 76 | F58: 74 | G58: 73 | H58: 73 | I58: =H58+G58+F58+E58+D58+C58 -> 461
A59: 4 | B59: ECK | C59: 3 | D59: 3 | E59: 3 | F59: 3 | G59: 3 | H59: 3 | I59: =H59+G59+F59+E59+D59+C59 -> 18
A60: 5 | B60: ECBAPT | C60: 0 | D60: 0 | E60: 0 | F60: 0 | G60: 0 | H60: 0 | I60: =H60+G60+F60+E60+D60+C60 -> 0
A61: 6 | B61: ECADV | C61: 1 | D61: 1 | E61: 1 | F61: 1 | G61: 1 | H61: 1 | I61: =H61+G61+F61+E61+D61+C61 -> 6
A62: 7 | B62: PRIVEE | C62: 0 | D62: 0 | E62: 0 | F62: 0 | G62: 0 | H62: 0 | I62: =H62+G62+F62+E62+D62+C62 -> 0
A63: TOTAL | C63: =SUM(C56:C62) -> 208 | D63: =SUM(D56:D62) -> 199 | E63: =SUM(E56:E62) -> 189 | F63: =SUM(F56:F62) -> 187 | G63: =SUM(G56:G62) -> 185 | H63: =SUM(H56:H62) -> 173 | I63: =SUM(I56:I62) -> 1141
A65: Tableau 2: Elèves inscrits par année d’études, sexe et régime de gestion
A66: N° | B66: Niveau d’enseignement et Régime de Gestion | C66: 1ère année | E66: 2e année | G66: 3e Année | I66: 4e Année | K66: 5e Année | M66: 6e Année | O66: TOTAL
C67: G | D67: F | E67: G | F67: F | G67: G | H67: F | I67: G | J67: F | K67: G | L67: F | M67: G | N67: F | O67: G | P67: F | Q67: GF
A68: 1 | B68: ENC | C68: 514 | D68: 496 | E68: 436 | F68: 428 | G68: 404 | H68: 400 | I68: 356 | J68: 367 | K68: 330 | L68: 315 | M68: 298 | N68: 281 | O68: =M68+K68+I68+G68+E68+C68 -> 2338 | P68: =N68+L68+J68+H68+F68+D68 -> 2287 | Q68: =P68+O68 -> 4625
A69: 2 | B69: ECC | C69: 2095 | D69: 2075 | E69: 1766 | F69: 1730 | G69: 1588 | H69: 1500 | I69: 1396 | J69: 1302 | K69: 1234 | L69: 1144 | M69: 1037 | N69: 935 | O69: =M69+K69+I69+G69+E69+C69 -> 9116 | P69: =N69+L69+J69+H69+F69+D69 -> 8686 | Q69: =P69+O69 -> 17802
A70: 3 | B70: ECP | C70: 2677 | D70: 2695 | E70: 2186 | F70: 2126 | G70: 2120 | H70: 2125 | I70: 1853 | J70: 1770 | K70: 1802 | L70: 1639 | M70: 1588 | N70: 1420 | O70: =M70+K70+I70+G70+E70+C70 -> 12226 | P70: =N70+L70+J70+H70+F70+D70 -> 11775 | Q70: =P70+O70 -> 24001
A71: 4 | B71: ECK | C71: 78 | D71: 96 | E71: 65 | F71: 58 | G71: 48 | H71: 62 | I71: 50 | J71: 40 | K71: 43 | L71: 41 | M71: 28 | N71: 28 | O71: =M71+K71+I71+G71+E71+C71 -> 312 | P71: =N71+L71+J71+H71+F71+D71 -> 325 | Q71: =P71+O71 -> 637
A72: 5 | B72: ECBAPT | C72: 0 | D72: 0 | E72: 0 | F72: 0 | G72: 0 | H72: 0 | I72: 0 | J72: 0 | K72: 0 | L72: 0 | M72: 0 | N72: 0 | O72: =M72+K72+I72+G72+E72+C72 -> 0 | P72: =N72+L72+J72+H72+F72+D72 -> 0 | Q72: =P72+O72 -> 0
A73: 6 | B73: ECADV | C73: 5 | D73: 6 | E73: 13 | F73: 5 | G73: 10 | H73: 7 | I73: 8 | J73: 6 | K73: 11 | L73: 13 | M73: 11 | N73: 11 | O73: =M73+K73+I73+G73+E73+C73 -> 58 | P73: =N73+L73+J73+H73+F73+D73 -> 48 | Q73: =P73+O73 -> 106
A74: 7 | B74: PRIVEE | C74: 0 | D74: 0 | E74: 0 | F74: 0 | G74: 0 | H74: 0 | I74: 0 | J74: 0 | K74: 0 | L74: 0 | M74: 0 | N74: 0 | O74: =M74+K74+I74+G74+E74+C74 -> 0 | P74: =N74+L74+J74+H74+F74+D74 -> 0 | Q74: =P74+O74 -> 0
A75: TOTAL | C75: =SUM(C68:C74) -> 5369 | D75: =SUM(D68:D74) -> 5368 | E75: =SUM(E68:E74) -> 4466 | F75: =SUM(F68:F74) -> 4347 | G75: =SUM(G68:G74) -> 4170 | H75: =SUM(H68:H74) -> 4094 | I75: =SUM(I68:I74) -> 3663 | J75: =SUM(J68:J74) -> 3485 | ... Q75: =SUM(Q68:Q74) -> 47171
A77: Tableau 3 : Personnel enseignant par qualification, sexe et regime de gestion
A78: N° | B78: Niveau d’enseignement et Régime de Gestion | C78: EAP, D3 | E78: D4 | G78: D6 | I78: AUTRE | K78: TOATAL
C79: H | D79: F | E79: H | F79: F | G79: H | H79: F | I79: H | J79: F | K79: H | L79: F | M79: HF
A80: 1 | B80: ENC | C80: 0 | D80: 0 | E80: 0 | F80: 0 | G80: 53 | H80: 25 | I80: 0 | J80: 0 | K80: =I80+G80+E80+C80 -> 53 | L80: =J80+H80+F80+D80 -> 25 | M80: =L80+K80 -> 78
A81: 2 | B81: ECC | C81: 0 | D81: 0 | E81: 0 | F81: 0 | G81: 481 | H81: 97 | I81: 0 | J81: 0 | K81: =I81+G81+E81+C81 -> 481 | L81: =J81+H81+F81+D81 -> 97 | M81: =L81+K81 -> 578
A82: 3 | B82: ECP | C82: 0 | D82: 0 | E82: 0 | F82: 0 | G82: 323 | H82: 138 | I82: 0 | J82: 0 | K82: =I82+G82+E82+C82 -> 323 | L82: =J82+H82+F82+D82 -> 138 | M82: =L82+K82 -> 461
A83: 4 | B83: ECK | C83: 0 | D83: 0 | E83: 0 | F83: 0 | G83: 13 | H83: 5 | I83: 0 | J83: 0 | K83: =I83+G83+E83+C83 -> 13 | L83: =J83+H83+F83+D83 -> 5 | M83: =L83+K83 -> 18
A84: 5 | B84: ECBAPT | C84: 0 | D84: 0 | E84: 0 | F84: 0 | G84: =I84-H84 -> 0 | H84: 0 | I84: 0 | J84: 0 | K84: =I84+G84+E84+C84 -> 0 | L84: =J84+H84+F84+D84 -> 0 | M84: =L84+K84 -> 0
A85: 6 | B85: ECADV | C85: 0 | D85: 0 | E85: 0 | F85: 0 | G85: 1 | H85: 5 | I85: 0 | J85: 0 | K85: =I85+G85+E85+C85 -> 1 | L85: =J85+H85+F85+D85 -> 5 | M85: =L85+K85 -> 6
A86: 7 | B86: PRIVEE | C86: 0 | D86: 0 | E86: 0 | F86: 0 | G86: =I86-H86 -> 0 | H86: 0 | I86: 0 | J86: 0 | K86: =I86+G86+E86+C86 -> 0 | L86: =J86+H86+F86+D86 -> 0 | M86: =L86+K86 -> 0
A87: TOTAL | C87: =SUM(C80:C86) -> 0 | D87: =SUM(D80:D86) -> 0 | E87: =SUM(E80:E86) -> 0 | F87: =SUM(F80:F86) -> 0 | G87: =SUM(G80:G86) -> 871 | H87: =SUM(H80:H86) -> 270 | I87: =SUM(I80:I86) -> 0 | J87: =SUM(J80:J86) -> 0 | ... M87: =SUM(M80:M86) -> 1141
A90: ENSEIGNEMENT SECONDAIRE
A91: Tableau 1 : Nombre de classes organisées par année d’études et regime de gestion
A92: N° | B92: Classe et Régime de Gestion | C92: 7e Année | D92: 8e Année | E92: 1ère année | F92: 2e année | G92: 3e Année | H92: 4e Année | I92: TOTAL
A93: 1 | B93: ENC | C93: 13 | D93: 13 | E93: 13 | F93: 12 | G93: 12 | H93: 9 | I93: =SUM(C93:H93) -> 72
A94: 2 | B94: ECC | C94: 29 | D94: 28 | E94: 27 | F94: 26 | G94: 26 | H94: 23 | I94: =SUM(C94:H94) -> 159
A95: 3 | B95: ECP | C95: 44 | D95: 43 | E95: 43 | F95: 42 | G95: 42 | H95: 34 | I95: =SUM(C95:H95) -> 248
A96: 4 | B96: ECK | C96: 2 | D96: 2 | E96: 2 | F96: 1 | G96: 1 | H96: 0 | I96: =SUM(C96:H96) -> 8
A97: 5 | B97: ECBAPT | I97: =SUM(C97:H97) -> 0
A98: 6 | B98: ECADV | C98: 2 | D98: 2 | E98: 2 | F98: 3 | G98: 3 | H98: 2 | I98: =SUM(C98:H98) -> 14
A99: 7 | B99: PRIVEE | C99: 0 | D99: 0 | E99: 0 | F99: 0 | G99: 0 | H99: 0 | I99: =SUM(C99:H99) -> 0
A100: TOTAL | C100: =SUM(C93:C99) -> 90 | D100: =SUM(D93:D99) -> 88 | E100: =SUM(E93:E99) -> 87 | F100: =SUM(F93:F99) -> 84 | G100: =SUM(G93:G99) -> 84 | H100: =SUM(H93:H99) -> 68 | I100: =SUM(I93:I99) -> 501
A102: Tableau : Eleves inscrits par niveau d’études, sexe et regime de gestion
A104: N° | B104: Niveau d’enseignement et Régime de Gestion | C104: 7e année | E104: 8e Année | G104: 1ère année | I104: 2e année | K104: 3e Année | M104: 4e Année | O104: TOTAL
C105: G | D105: F | E105: G | F105: F | G105: G | H105: F | I105: G | J105: F | K105: G | L105: F | M105: G | N105: F | O105: G | P105: F | Q105: GF
A106: 1 | B106: ENC | C106: 341 | D106: 272 | E106: 344 | F106: 208 | G106: 238 | H106: 163 | I106: 169 | J106: 125 | K106: 160 | L106: 105 | M106: 152 | N106: 82 | O106: =SUM(C106+E106+G106+I106+K106+M106) -> 1404 | P106: =SUM(D106+F106+H106+J106+L106+N106) -> 955 | Q106: =P106+O106 -> 2359
A107: 2 | B107: ECC | C107: 662 | D107: 515 | E107: 460 | F107: 373 | G107: 453 | H107: 346 | I107: 321 | J107: 200 | K107: 249 | L107: 143 | M107: 229 | N107: 120 | O107: =SUM(C107+E107+G107+I107+K107+M107) -> 2374 | P107: =SUM(D107+F107+H107+J107+L107+N107) -> 1697 | Q107: =P107+O107 -> 4071
A108: 3 | B108: ECP | C108: 1300 | D108: 998 | E108: 977 | F108: 760 | G108: 812 | H108: 535 | I108: 631 | J108: 438 | K108: 435 | L108: 300 | M108: 401 | N108: 261 | O108: =SUM(C108+E108+G108+I108+K108+M108) -> 4556 | P108: =SUM(D108+F108+H108+J108+L108+N108) -> 3292 | Q108: =P108+O108 -> 7848
A109: 4 | B109: ECK | C109: 36 | D109: 22 | E109: 21 | F109: 8 | G109: 19 | H109: 9 | I109: 12 | J109: 4 | K109: 6 | L109: 4 | M109: 0 | N109: 0 | O109: =SUM(C109+E109+G109+I109+K109+M109) -> 94 | P109: =SUM(D109+F109+H109+J109+L109+N109) -> 47 | Q109: =P109+O109 -> 141
A110: 5 | B110: ECBAPT | C110: 0 | D110: 0 | E110: 0 | F110: 0 | G110: 0 | H110: 0 | I110: 0 | J110: 0 | K110: 0 | L110: 0 | M110: 0 | N110: 0 | O110: =SUM(C110+E110+G110+I110+K110+M110) -> 0 | P110: =SUM(D110+F110+H110+J110+L110+N110) -> 0 | Q110: =P110+O110 -> 0
...

Sheet MITWABA
A1: COLLECTE RAPIDE DES DONNEES STATISTIQUES SCOLAIRES DES PARAMETRES ESSENTIELS
A2: TABLEAU SYNTHESE
A3: SOUS-DIVISION EDUCATIONNELLE :…………………………………………………………………………………. | D3: MITWABA
A4: PROVINCE EDUCATIONNELLE :…………………………………………………………………………………. | D4: HAUT-KATANGA 2
A5: PROVINCE ADMINISTRATIVE :…………………………………………………………………………………. | D5: HAUT-KATANGA
A6: Tableau 1 : Nombre d’Etablissements scolaires par Niveau d’enseignement et Regime de Gestion
A7: N° | B7: Niveau d’enseignement et Régime de Gestion | C7: PRE-PRIMAIRE | D7: PRIMAIRE | E7: SECONDAIRE | F7: TOTAL
A8: 1 | B8: ENC | C8: 3 | D8: 29 | E8: 24 | F8: =SUM(C8:E8) -> 56
A9: 2 | B9: ECC | C9: 1 | D9: 78 | E9: 24 | F9: =SUM(C9:E9) -> 103
A10: 3 | B10: ECP | C10: 1 | D10: 46 | E10: 13 | F10: =SUM(C10:E10) -> 60
A11: 4 | B11: ECK | C11: 0 | D11: 8 | E11: 1 | F11: =SUM(C11:E11) -> 9
A12: 5 | B12: ECBAPT | C12: 0 | D12: 0 | E12: 0 | F12: =SUM(C12:E12) -> 0
A13: 6 | B13: ECADV | C13: 0 | D13: 4 | E13: 3 | F13: =SUM(C13:E13) -> 7
A14: 7 | B14: PRIVEE | C14: 0 | D14: 0 | E14: 0 | F14: =SUM(C14:E14) -> 0
A15: TOTAL | C15: =SUM(C8:C14) -> 5 | D15: =SUM(D8:D14) -> 165 | E15: =SUM(E8:E14) -> 65 | F15: =SUM(F8:F14) -> 235
A17: ENSEIGNEMENT PRE-PRIMAIRE
A18: Tableau 2 : Nombre de classes organisées par année d’études et regime de gestion
A19: N° | B19: Niveau d’enseignement et Régime de Gestion | C19: 1ère année | D19: 2è année | E19: 3è annnée | F19: TOTAL
A20: 1 | B20: ENC | C20: 3 | D20: 3 | E20: 3 | F20: =SUM(C20:E20) -> 9
A21: 2 | B21: ECC | C21: 1 | D21: 1 | E21: 1 | F21: =SUM(C21:E21) -> 3
A22: 3 | B22: ECP | C22: 1 | D22: 1 | E22: 1 | F22: =SUM(C22:E22) -> 3
A23: 4 | B23: ECK | C23: 0 | D23: 0 | E23: 0 | F23: =SUM(C23:E23) -> 0
A24: 5 | B24: ECBAPT | C24: 0 | D24: 0 | E24: 0 | F24: =SUM(C24:E24) -> 0
A25: 6 | B25: ECADV | C25: 0 | D25: 0 | E25: 0 | F25: =SUM(C25:E25) -> 0
A26: 7 | B26: PRIVEE | C26: 0 | D26: 0 | E26: 0 | F26: =SUM(C26:E26) -> 0
A27: TOTAL | C27: =SUM(C20:C26) -> 5 | D27: =SUM(D20:D26) -> 5 | E27: =SUM(E20:E26) -> 5 | F27: =SUM(F20:F26) -> 15
A29: Tableau : Enfants inscrits par année d’études, sexe et regime de gestion
A30: N° | B30: Niveau d’enseignement et Régime de Gestion | C30: 1ère Année | E30: 2è Année | G30: 3è Année | I30: TOTAL
C31: G | D31: F | E31: G | F31: F | G31: G | H31: F | I31: G | J31: F | K31: GF
A32: 1 | B32: ENC | C32: 25 | D32: 17 | E32: 23 | F32: 22 | G32: 21 | H32: 21 | I32: =SUM(C32+E32+G32) -> 69 | J32: 60 | K32: 129 | M32: =SUM(D32+F32+H32) -> 60
A33: 2 | B33: ECC | C33: 15 | D33: 10 | E33: 10 | F33: 8 | G33: 9 | H33: 12 | I33: =SUM(C33+E33+G33) -> 34 | J33: 30 | K33: 64 | M33: =SUM(D33+F33+H33) -> 30
A34: 3 | B34: ECP | C34: 7 | D34: 8 | E34: 6 | F34: 9 | G34: 6 | H34: 10 | I34: =SUM(C34+E34+G34) -> 19 | J34: 27 | K34: 46 | M34: =SUM(D34+F34+H34) -> 27
A35: 4 | B35: ECK | C35: 0 | D35: 0 | E35: 0 | F35: 0 | G35: 0 | H35: 0 | I35: =SUM(C35+E35+G35) -> 0 | J35: 0 | K35: 0 | M35: =SUM(D35+F35+H35) -> 0
A36: 5 | B36: ECBAPT | C36: 0 | D36: 0 | E36: 0 | F36: 0 | G36: 0 | H36: 0 | I36: =SUM(C36+E36+G36) -> 0 | J36: 0 | K36: 0 | M36: =SUM(D36+F36+H36) -> 0
A37: 6 | B37: ECADV | C37: 0 | D37: 0 | E37: 0 | F37: 0 | G37: 0 | H37: 0 | I37: =SUM(C37+E37+G37) -> 0 | J37: 0 | K37: 0 | M37: =SUM(D37+F37+H37) -> 0
A38: 7 | B38: PRIVEE | C38: 0 | D38: 0 | E38: 0 | F38: 0 | G38: 0 | H38: 0 | I38: =SUM(C38+E38+G38) -> 0 | J38: 0 | K38: 0 | M38: =SUM(D38+F38+H38) -> 0
A39: TOTAL | C39: =SUM(C32:C38) -> 47 | D39: =SUM(D32:D38) -> 35 | E39: =SUM(E32:E38) -> 39 | F39: =SUM(F32:F38) -> 39 | G39: =SUM(G32:G38) -> 36 | H39: =SUM(H32:H38) -> 43 | I39: =SUM(I32:I38) -> 122 | J39: =SUM(J32:J38) -> 117 | K39: =SUM(K32:K38) -> 239 | M39: =SUM(D39+F39+H39) -> 117
A41: Tableau 4 : Educateurs (trices) par qualification, sexe et régime de gestion
A42: N° | B42: Niveau d’enseignement et Régime de Gestion | C42: EAP, D3 | E42: D4 | G42: EM | I42: D6 | K42: AUTRE | M42: TOTAL
C43: H | D43: F | E43: H | F43: F | G43: H | H43: F | I43: H | J43: F | K43: H | L43: F | M43: H | N43: F | O43: HF
A44: 1 | B44: ENC | C44: 0 | D44: 0 | E44: 0 | F44: 0 | G44: 0 | H44: 0 | I44: 0 | J44: 9 | K44: 0 | L44: 0 | M44: =K44+I44+G44+E44+C44 -> 0 | N44: =L44+J44+H44+F44+D44 -> 9 | O44: =N44+M44 -> 9
A45: 2 | B45: ECC | C45: 0 | D45: 0 | E45: 0 | F45: 0 | G45: 0 | H45: 0 | I45: 0 | J45: 3 | K45: 0 | L45: 0 | M45: =K45+I45+G45+E45+C45 -> 0 | N45: =L45+J45+H45+F45+D45 -> 3 | O45: =N45+M45 -> 3
A46: 3 | B46: ECP | C46: 0 | D46: 0 | E46: 0 | F46: 0 | G46: 0 | H46: 0 | I46: 0 | J46: 3 | K46: 0 | L46: 0 | M46: =K46+I46+G46+E46+C46 -> 0 | N46: =L46+J46+H46+F46+D46 -> 3 | O46: =N46+M46 -> 3
A47: 4 | B47: ECK | C47: 0 | D47: 0 | E47: 0 | F47: 0 | G47: 0 | H47: 0 | I47: 0 | J47: 0 | K47: 0 | L47: 0 | M47: =K47+I47+G47+E47+C47 -> 0 | N47: =L47+J47+H47+F47+D47 -> 0 | O47: =N47+M47 -> 0
A48: 5 | B48: ECBAPT | C48: 0 | D48: 0 | E48: 0 | F48: 0 | G48: 0 | H48: 0 | I48: 0 | J48: 0 | K48: 0 | L48: 0 | M48: =K48+I48+G48+E48+C48 -> 0 | N48: =L48+J48+H48+F48+D48 -> 0 | O48: =N48+M48 -> 0
A49: 6 | B49: ECADV | C49: 0 | D49: 0 | E49: 0 | F49: 0 | G49: 0 | H49: 0 | I49: 0 | J49: 0 | K49: 0 | L49: 0 | M49: =K49+I49+G49+E49+C49 -> 0 | N49: =L49+J49+H49+F49+D49 -> 0 | O49: =N49+M49 -> 0
A50: 7 | B50: PRIVEE | C50: 0 | D50: 0 | E50: 0 | F50: 0 | G50: 0 | H50: 0 | I50: 0 | J50: 0 | K50: 0 | L50: 0 | M50: =K50+I50+G50+E50+C50 -> 0 | N50: =L50+J50+H50+F50+D50 -> 0 | O50: =N50+M50 -> 0
A51: TOTAL | C51: =SUM(C44:C50) -> 0 | D51: =SUM(D44:D50) -> 0 | E51: =SUM(E44:E50) -> 0 | F51: =SUM(F44:F50) -> 0 | G51: =SUM(G44:G50) -> 0 | H51: =SUM(H44:H50) -> 0 | I51: =SUM(I44:I50) -> 0 | J51: =SUM(J44:J50) -> 15 | ... O51: =SUM(O44:O50) -> 15
A53: ENSEIGNEMENT PRIMAIRE
A54: Tableau 1 : Nombre de classes organisées par année d’études et régime de gestion
A55: N° | B55: Niveau d’enseignement et Régime de Gestion | C55: 1ère année | D55: 2e année | E55: 3e année | F55: 4e année | G55: 5e | H55: 6e | I55: TOTAL
A56: 1 | B56: ENC | C56: 65 | D56: 65 | E56: 53 | F56: 52 | G56: 52 | H56: 50 | I56: =SUM(C56:H56) -> 337
A57: 2 | B57: ECC | C57: 99 | D57: 96 | E57: 89 | F57: 80 | G57: 80 | H57: 80 | I57: =SUM(C57:H57) -> 524
A58: 3 | B58: ECP | C58: 57 | D58: 53 | E58: 50 | F58: 50 | G58: 50 | H58: 50 | I58: =SUM(C58:H58) -> 310
A59: 4 | B59: ECK | C59: 5 | D59: 5 | E59: 5 | F59: 5 | G59: 5 | H59: 5 | I59: =SUM(C59:H59) -> 30
A60: 5 | B60: ECBAPT | C60: 0 | D60: 0 | E60: 0 | F60: 0 | G60: 0 | H60: 0 | I60: =SUM(C60:H60) -> 0
A61: 6 | B61: ECADV | C61: 4 | D61: 4 | E61: 4 | F61: 4 | G61: 4 | H61: 4 | I61: =SUM(C61:H61) -> 24
A62: 7 | B62: PRIVEE | C62: 0 | D62: 0 | E62: 0 | F62: 0 | G62: 0 | H62: 0 | I62: =SUM(C62:H62) -> 0
A63: TOTAL | C63: =SUM(C56:C62) -> 230 | D63: =SUM(D56:D62) -> 223 | E63: =SUM(E56:E62) -> 201 | F63: =SUM(F56:F62) -> 191 | G63: =SUM(G56:G62) -> 191 | H63: =SUM(H56:H62) -> 189 | I63: =SUM(I56:I62) -> 1225
A65: Tableau 2: Elèves inscrits par année d’études, sexe et régime de gestion
A66: N° | B66: Niveau d’enseignement et Régime de Gestion | C66: 1ère année | E66: 2e année | G66: 3e Année | I66: 4e Année | K66: 5e Année | M66: 6e Année | O66: TOTAL
C67: G | D67: F | E67: G | F67: F | G67: G | H67: F | I67: G | J67: F | K67: G | L67: F | M67: G | N67: F | O67: G | P67: F | Q67: GF
A68: 1 | B68: ENC | C68: 1171 | D68: 1111 | E68: 1048 | F68: 1021 | G68: 921 | H68: 890 | I68: 882 | J68: 851 | K68: 1200 | L68: 950 | M68: 429 | N68: 401 | O68: =SUM(C68+E68+G68+I68+K68+M68) -> 5651 | P68: =SUM(D68+F68+H68+J68+L68+N68) -> 5224 | Q68: =P68+O68 -> 10875
A69: 2 | B69: ECC | C69: 2997 | D69: 2278 | E69: 2863 | F69: 1268 | G69: 1810 | H69: 1023 | I69: 1458 | J69: 987 | K69: 1468 | L69: 1552 | M69: 2446 | N69: 1103 | O69: =SUM(C69+E69+G69+I69+K69+M69) -> 13042 | P69: =SUM(D69+F69+H69+J69+L69+N69) -> 8211 | Q69: =P69+O69 -> 21253
A70: 3 | B70: ECP | C70: 2250 | D70: 1694 | E70: 1990 | F70: 1422 | G70: 1632 | H70: =1413-57 -> 1356 | I70: 3347 | J70: 1173 | K70: 2048 | L70: 814 | M70: 568 | N70: 410 | O70: =SUM(C70+E70+G70+I70+K70+M70) -> 11835 | P70: =SUM(D70+F70+H70+J70+L70+N70) -> 6869 | Q70: =P70+O70 -> 18704
A71: 4 | B71: ECK | C71: 181 | D71: 161 | E71: 175 | F71: 149 | G71: 154 | H71: 122 | I71: 124 | J71: 73 | K71: 111 | L71: 64 | M71: 63 | N71: 34 | O71: =SUM(C71+E71+G71+I71+K71+M71) -> 808 | P71: =SUM(D71+F71+H71+J71+L71+N71) -> 603 | Q71: =P71+O71 -> 1411
A72: 5 | B72: ECBAPT | C72: 0 | D72: 0 | E72: 0 | F72: 0 | G72: 0 | H72: 0 | I72: 0 | J72: 0 | K72: 0 | L72: 0 | M72: 0 | N72: 0 | O72: =SUM(C72+E72+G72+I72+K72+M72) -> 0 | P72: =SUM(D72+F72+H72+J72+L72+N72) -> 0 | Q72: =P72+O72 -> 0
A73: 6 | B73: ECADV | C73: 177 | D73: 102 | E73: 168 | F73: 143 | G73: 124 | H73: 114 | I73: 115 | J73: 111 | K73: 135 | L73: 86 | M73: 107 | N73: 50 | O73: =SUM(C73+E73+G73+I73+K73+M73) -> 826 | P73: =SUM(D73+F73+H73+J73+L73+N73) -> 606 | Q73: =P73+O73 -> 1432
A74: 7 | B74: PRIVEE | C74: 0 | D74: 0 | E74: 0 | F74: 0 | G74: 0 | H74: 0 | I74: 0 | J74: 0 | K74: 0 | L74: 0 | M74: 0 | N74: 0 | O74: =SUM(C74+E74+G74+I74+K74+M74) -> 0 | P74: =SUM(D74+F74+H74+J74+L74+N74) -> 0 | Q74: =P74+O74 -> 0
A75: TOTAL | C75: =SUM(C68:C74) -> 6776 | D75: =SUM(D68:D74) -> 5346 | E75: =SUM(E68:E74) -> 6244 | F75: =SUM(F68:F74) -> 4003 | G75: =SUM(G68:G74) -> 4641 | H75: =SUM(H68:H74) -> 3505 | I75: =SUM(I68:I74) -> 5926 | J75: =SUM(J68:J74) -> 3195 | ... Q75: =SUM(Q68:Q74) -> 53675
A77: Tableau 3 : Personnel enseignant par qualification, sexe et regime de gestion
A78: N° | B78: Niveau d’enseignement et Régime de Gestion | C78: EAP, D3 | E78: D4 | G78: D6 | I78: AUTRE | K78: TOATAL
C79: H | D79: F | E79: H | F79: F | G79: H | H79: F | I79: H | J79: F | K79: H | L79: F | M79: HF
A80: 1 | B80: ENC | C80: 0 | D80: 0 | E80: 0 | F80: 0 | G80: 311 | H80: 26 | I80: 0 | J80: 0 | K80: =I80+G80+E80+C80 -> 311 | L80: =J80+H80+F80+D80 -> 26 | M80: =L80+K80 -> 337
A81: 2 | B81: ECC | C81: 0 | D81: 0 | E81: 0 | F81: 0 | G81: 459 | H81: 65 | I81: 0 | J81: 0 | K81: =I81+G81+E81+C81 -> 459 | L81: =J81+H81+F81+D81 -> 65 | M81: =L81+K81 -> 524
A82: 3 | B82: ECP | C82: 0 | D82: 0 | E82: 0 | F82: 0 | G82: 266 | H82: 44 | I82: 0 | J82: 0 | K82: =I82+G82+E82+C82 -> 266 | L82: =J82+H82+F82+D82 -> 44 | M82: =L82+K82 -> 310
A83: 4 | B83: ECK | C83: 0 | D83: 0 | E83: 0 | F83: 0 | G83: 29 | H83: 1 | I83: 0 | J83: 0 | K83: =I83+G83+E83+C83 -> 29 | L83: =J83+H83+F83+D83 -> 1 | M83: =L83+K83 -> 30
A84: 5 | B84: ECBAPT | C84: 0 | D84: 0 | E84: 0 | F84: 0 | G84: =I84-H84 -> 0 | H84: 0 | I84: 0 | J84: 0 | K84: =I84+G84+E84+C84 -> 0 | L84: =J84+H84+F84+D84 -> 0 | M84: =L84+K84 -> 0
A85: 6 | B85: ECADV | C85: 0 | D85: 0 | E85: 0 | F85: 0 | G85: 20 | H85: 4 | I85: 0 | J85: 0 | K85: =I85+G85+E85+C85 -> 20 | L85: =J85+H85+F85+D85 -> 4 | M85: =L85+K85 -> 24
A86: 7 | B86: PRIVEE | C86: 0 | D86: 0 | E86: 0 | F86: 0 | G86: =I86-H86 -> 0 | H86: 0 | I86: 0 | J86: 0 | K86: =I86+G86+E86+C86 -> 0 | L86: =J86+H86+F86+D86 -> 0 | M86: =L86+K86 -> 0
A87: TOTAL | C87: =SUM(C80:C86) -> 0 | D87: =SUM(D80:D86) -> 0 | E87: =SUM(E80:E86) -> 0 | F87: =SUM(F80:F86) -> 0 | G87: =SUM(G80:G86) -> 1085 | H87: =SUM(H80:H86) -> 140 | I87: =SUM(I80:I86) -> 0 | J87: =SUM(J80:J86) -> 0 | ... M87: =SUM(M80:M86) -> 1225
A90: ENSEIGNEMENT SECONDAIRE
A91: Tableau 1 : Nombre de classes organisées par année d’études et regime de gestion
A92: N° | B92: Classe et Régime de Gestion | C92: 7e année | D92: 8e Année | E92: 1ère année | F92: 2e année | G92: 3e Année | H92: 4e Année | I92: TOTAL
A93: 1 | B93: ENC | C93: 27 | D93: 27 | E93: 27 | F93: 25 | G93: 23 | H93: 23 | I93: =SUM(C93:H93) -> 152
A94: 2 | B94: ECC | C94: 29 | D94: 29 | E94: 28 | F94: 28 | G94: 27 | H94: 27 | I94: =SUM(C94:H94) -> 168
A95: 3 | B95: ECP | C95: 15 | D95: 15 | E95: 13 | F95: 13 | G95: 13 | H95: 13 | I95: =SUM(C95:H95) -> 82
A96: 4 | B96: ECK | C96: 1 | D96: 1 | E96: 1 | F96: 1 | G96: 1 | H96: 1 | I96: =SUM(C96:H96) -> 6
A97: 5 | B97: ECBAPT | C97: 0 | D97: 0 | E97: 0 | F97: 0 | G97: 0 | H97: 0 | I97: =SUM(C97:H97) -> 0
A98: 6 | B98: ECADV | C98: 4 | D98: 4 | E98: 4 | F98: 4 | G98: 4 | H98: 4 | I98: =SUM(C98:H98) -> 24
A99: 7 | B99: PRIVEE | C99: 0 | D99: 0 | E99: 0 | F99: 0 | G99: 0 | H99: 0 | I99: =SUM(C99:H99) -> 0
A100: TOTAL | C100: =SUM(C93:C99) -> 76 | D100: =SUM(D93:D99) -> 76 | E100: =SUM(E93:E99) -> 73 | F100: =SUM(F93:F99) -> 71 | G100: =SUM(G93:G99) -> 68 | H100: =SUM(H93:H99) -> 68 | I100: =SUM(I93:I99) -> 432
A102: Tableau : Eleves inscrits par niveau d’études, sexe et regime de gestion
A104: N° | B104: Niveau d’enseignement et Régime de Gestion | C104: 7e année | E104: 8e Année | G104: 1ère année | I104: 2e année | K104: 3e Année | M104: 4e Année | O104: TOTAL
C105: G | D105: F | E105: G | F105: F | G105: G | H105: F | I105: G | J105: F | K105: G | L105: F | M105: G | N105: F | O105: G | P105: F | Q105: GF
A106: 1 | B106: ENC | C106: 404 | D106: 280 | E106: 350 | F106: 211 | G106: 262 | H106: 194 | I106: 253 | J106: 128 | K106: 266 | L106: 99 | M106: 133 | N106: 88 | O106: =M106+K106+I106+G106+E106+C106 -> 1668 | P106: =N106+L106+J106+H106+F106+D106 -> 1000 | Q106: =P106+O106 -> 2668
A107: 2 | B107: ECC | C107: 303 | D107: 258 | E107: 385 | F107: 245 | G107: 374 | H107: 191 | I107: 154 | J107: 133 | K107: 168 | L107: 84 | M107: 157 | N107: 60 | O107: =M107+K107+I107+G107+E107+C107 -> 1541 | P107: =N107+L107+J107+H107+F107+D107 -> 971 | Q107: =P107+O107 -> 2512
A108: 3 | B108: ECP | C108: 390 | D108: 159 | E108: 428 | F108: 227 | G108: 240 | H108: 148 | I108: 232 | J108: 98 | K108: 162 | L108: 48 | M108: 163 | N108: 54 | O108: =M108+K108+I108+G108+E108+C108 -> 1615 | P108: =N108+L108+J108+H108+F108+D108 -> 734 | Q108: =P108+O108 -> 2349
A109: 4 | B109: ECK | C109: 88 | D109: 43 | E109: 74 | F109: 42 | G109: 59 | H109: 20 | I109: 55 | J109: 23 | K109: 20 | L109: 3 | M109: 5 | N109: 1 | O109: =M109+K109+I109+G109+E109+C109 -> 301 | P109: =N109+L109+J109+H109+F109+D109 -> 132 | Q109: =P109+O109 -> 433
A110: 5 | B110: ECBAPT | C110: 0 | D110: 0 | E110: 0 | F110: 0 | G110: 0 | H110: 0 | I110: 0 | J110: 0 | K110: 0 | L110: 0 | M110: 0 | N110: 0 | O110: =M110+K110+I110+G110+E110+C110 -> 0 | P110: =N110+L110+J110+H110+F110+D110 -> 0 | Q110: =P110+O110 -> 0
...

Sheet PWETO
A1: COLLECTE RAPIDE DES DONNEES STATISTIQUES SCOLAIRES DES PARAMETRES ESSENTIELS
A2: TABLEAU SYNTHESE
A3: SOUS-DIVISION EDUCATIONNELLE :…………………………………………………………………………………. | D3: PWETO
A4: PROVINCE EDUCATIONNELLE :…………………………………………………………………………………. | D4: HAUT-KATANGA 2
A5: PROVINCE ADMINISTRATIVE :…………………………………………………………………………………. | D5: HAUT-KATANGA
A6: Tableau 1 : Nombre d’Etablissements scolaires par Niveau d’enseignement et Regime de Gestion
A7: N° | B7: Niveau d’enseignement et Régime de Gestion | C7: PRE-PRIMAIRE | D7: PRIMAIRE | E7: SECONDAIRE | F7: TOTAL
A8: 1 | B8: ENC | C8: 0 | D8: 20 | E8: 11 | F8: 31
A9: 2 | B9: ECC | C9: 1 | D9: 42 | E9: 15 | F9: 58
A10: 3 | B10: ECP | C10: 0 | D10: 79 | E10: 37 | F10: 116
A11: 4 | B11: ECK | C11: 0 | D11: 9 | E11: 4 | F11: 13
A12: 5 | B12: ECBAPT | C12: 0 | D12: 0 | E12: 0 | F12: 0
A13: 6 | B13: ECADV | C13: 0 | D13: 3 | E13: 1 | F13: 4
A14: 7 | B14: PRIVEE | C14: 0 | D14: 5 | E14: 3 | F14: 8
A15: TOTAL | C15: =SUM(C8:C14) -> 1 | D15: =SUM(D8:D14) -> 158 | E15: =SUM(E8:E14) -> 71 | F15: =SUM(F8:F14) -> 230
A17: ENSEIGNEMENT PRE-PRIMAIRE
A18: Tableau 2 : Nombre de classes organisées par année d’études et regime de gestion
A19: N° | B19: Niveau d’enseignement et Régime de Gestion | C19: 1ère année | D19: 2è année | E19: 3è annnée | F19: TOTAL
A20: 1 | B20: ENC | C20: 0 | D20: 0 | E20: 0 | F20: 0
A21: 2 | B21: ECC | C21: 1 | D21: 1 | E21: 1 | F21: 3
A22: 3 | B22: ECP | C22: 0 | D22: 0 | E22: 0 | F22: 0
A23: 4 | B23: ECK | C23: 0 | D23: 0 | E23: 0 | F23: 0
A24: 5 | B24: ECBAPT | C24: 0 | D24: 0 | E24: 0 | F24: 0
A25: 6 | B25: ECADV | C25: 0 | D25: 0 | E25: 0 | F25: 0
A26: 7 | B26: PRIVEE | C26: 0 | D26: 0 | E26: 0 | F26: 0
A27: TOTAL | C27: =SUM(C20:C26) -> 1 | D27: =SUM(D20:D26) -> 1 | E27: =SUM(E20:E26) -> 1 | F27: =SUM(F20:F26) -> 3
A29: Tableau : Enfants inscrits par année d’études, sexe et regime de gestion
A30: N° | B30: Niveau d’enseignement et Régime de Gestion | C30: 1ère Année | E30: 2è Année | G30: 3è Année | I30: TOTAL
C31: G | D31: F | E31: G | F31: F | G31: G | H31: F | I31: G | J31: F | K31: GF
A32: 1 | B32: ENC | C32: 0 | D32: 0 | E32: 0 | F32: 0 | G32: 0 | H32: 0 | I32: =G32+E32+C32 -> 0 | J32: =H32+F32+D32 -> 0 | K32: =J32+I32 -> 0
A33: 2 | B33: ECC | C33: 30 | D33: 23 | E33: 20 | F33: 27 | G33: 12 | H33: 10 | I33: =G33+E33+C33 -> 62 | J33: =H33+F33+D33 -> 60 | K33: =J33+I33 -> 122
A34: 3 | B34: ECP | C34: 0 | D34: 0 | E34: 0 | F34: 0 | G34: 0 | H34: 0 | I34: =G34+E34+C34 -> 0 | J34: =H34+F34+D34 -> 0 | K34: =J34+I34 -> 0
A35: 4 | B35: ECK | C35: 0 | D35: 0 | E35: 0 | F35: 0 | G35: 0 | H35: 0 | I35: =G35+E35+C35 -> 0 | J35: =H35+F35+D35 -> 0 | K35: =J35+I35 -> 0
A36: 5 | B36: ECBAPT | C36: 0 | D36: 0 | E36: 0 | F36: 0 | G36: 0 | H36: 0 | I36: =G36+E36+C36 -> 0 | J36: =H36+F36+D36 -> 0 | K36: =J36+I36 -> 0
A37: 6 | B37: ECADV | C37: 0 | D37: 0 | E37: 0 | F37: 0 | G37: 0 | H37: 0 | I37: =G37+E37+C37 -> 0 | J37: =H37+F37+D37 -> 0 | K37: =J37+I37 -> 0
A38: 7 | B38: PRIVEE | C38: 0 | D38: 0 | E38: 0 | F38: 0 | G38: 0 | H38: 0 | I38: =G38+E38+C38 -> 0 | J38: =H38+F38+D38 -> 0 | K38: =J38+I38 -> 0
A39: TOTAL | C39: =SUM(C32:C38) -> 30 | D39: =SUM(D32:D38) -> 23 | E39: =SUM(E32:E38) -> 20 | F39: =SUM(F32:F38) -> 27 | G39: =SUM(G32:G38) -> 12 | H39: =SUM(H32:H38) -> 10 | I39: =SUM(I32:I38) -> 62 | J39: =SUM(J32:J38) -> 60 | K39: =SUM(K32:K38) -> 122
A41: Tableau 4 : Educateurs (trices) par qualification, sexe et régime de gestion
A42: N° | B42: Niveau d’enseignement et Régime de Gestion | C42: EAP, D3 | E42: D4 | G42: EM | I42: D6 | K42: AUTRE | M42: TOTAL
C43: H | D43: F | E43: H | F43: F | G43: H | H43: F | I43: H | J43: F | K43: H | L43: F | M43: H | N43: F | O43: HF
A44: 1 | B44: ENC | C44: 0 | D44: 0 | E44: 0 | F44: 0 | G44: 0 | H44: 0 | I44: 0 | J44: 0 | K44: 0 | L44: 0 | M44: =K44+I44+G44+E44+C44 -> 0 | N44: =L44+J44+H44+F44+D44 -> 0 | O44: 0
A45: 2 | B45: ECC | C45: 0 | D45: 0 | E45: 0 | F45: 0 | G45: 0 | H45: 0 | I45: 0 | J45: 4 | K45: 0 | L45: 0 | M45: =K45+I45+G45+E45+C45 -> 0 | N45: =L45+J45+H45+F45+D45 -> 4 | O45: 4
A46: 3 | B46: ECP | C46: 0 | D46: 0 | E46: 0 | F46: 0 | G46: 0 | H46: 0 | I46: 0 | J46: 0 | K46: 0 | L46: 0 | M46: =K46+I46+G46+E46+C46 -> 0 | N46: =L46+J46+H46+F46+D46 -> 0 | O46: 0
A47: 4 | B47: ECK | C47: 0 | D47: 0 | E47: 0 | F47: 0 | G47: 0 | H47: 0 | I47: 0 | J47: 0 | K47: 0 | L47: 0 | M47: =K47+I47+G47+E47+C47 -> 0 | N47: =L47+J47+H47+F47+D47 -> 0 | O47: 0
A48: 5 | B48: ECBAPT | C48: 0 | D48: 0 | E48: 0 | F48: 0 | G48: 0 | H48: 0 | I48: 0 | J48: 0 | K48: 0 | L48: 0 | M48: =K48+I48+G48+E48+C48 -> 0 | N48: =L48+J48+H48+F48+D48 -> 0 | O48: 0
A49: 6 | B49: ECADV | C49: 0 | D49: 0 | E49: 0 | F49: 0 | G49: 0 | H49: 0 | I49: 0 | J49: 0 | K49: 0 | L49: 0 | M49: =K49+I49+G49+E49+C49 -> 0 | N49: =L49+J49+H49+F49+D49 -> 0 | O49: 0
A50: 7 | B50: PRIVEE | C50: 0 | D50: 0 | E50: 0 | F50: 0 | G50: 0 | H50: 0 | I50: 0 | J50: 0 | K50: 0 | L50: 0 | M50: =K50+I50+G50+E50+C50 -> 0 | N50: =L50+J50+H50+F50+D50 -> 0 | O50: 0
A51: TOTAL | C51: =SUM(C44:C50) -> 0 | D51: =SUM(D44:D50) -> 0 | E51: =SUM(E44:E50) -> 0 | F51: =SUM(F44:F50) -> 0 | G51: =SUM(G44:G50) -> 0 | H51: =SUM(H44:H50) -> 0 | I51: =SUM(I44:I50) -> 0 | J51: =SUM(J44:J50) -> 4 | ... O51: =SUM(O44:O50) -> 4
A53: ENSEIGNEMENT PRIMAIRE
A54: Tableau 1 : Nombre de classes organisées par année d’études et régime de gestion
A55: N° | B55: Niveau d’enseignement et Régime de Gestion | C55: 1ère année | D55: 2e année | E55: 3e année | F55: 4e année | G55: 5e | H55: 6e | I55: TOTAL
A56: 1 | B56: ENC | C56: 23 | D56: 23 | E56: 22 | F56: 21 | G56: 21 | H56: 19 | I56: =SUM(C56:H56) -> 129
A57: 2 | B57: ECC | C57: 62 | D57: 58 | E57: 56 | F57: 49 | G57: 48 | H57: 45 | I57: =SUM(C57:H57) -> 318
A58: 3 | B58: ECP | C58: 98 | D58: 95 | E58: 88 | F58: 87 | G58: 82 | H58: 80 | I58: =SUM(C58:H58) -> 530
A59: 4 | B59: ECK | C59: 9 | D59: 9 | E59: 9 | F59: 9 | G59: 9 | H59: 9 | I59: =SUM(C59:H59) -> 54
A60: 5 | B60: ECBAPT | C60: 0 | D60: 0 | E60: 0 | F60: 0 | G60: 0 | H60: 0 | I60: =SUM(C60:H60) -> 0
A61: 6 | B61: ECADV | C61: 3 | D61: 3 | E61: 3 | F61: 3 | G61: 3 | H61: 3 | I61: =SUM(C61:H61) -> 18
A62: 7 | B62: PRIVEE | C62: 6 | D62: 6 | E62: 5 | F62: 5 | G62: 5 | H62: 5 | I62: =SUM(C62:H62) -> 32
A63: TOTAL | C63: =SUM(C56:C62) -> 201 | D63: =SUM(D56:D62) -> 194 | E63: =SUM(E56:E62) -> 183 | F63: =SUM(F56:F62) -> 174 | G63: =SUM(G56:G62) -> 168 | H63: =SUM(H56:H62) -> 161 | I63: =SUM(I56:I62) -> 1081
A65: Tableau 2: Elèves inscrits par année d’études, sexe et régime de gestion
A66: N° | B66: Niveau d’enseignement et Régime de Gestion | C66: 1ère année | E66: 2e année | G66: 3e Année | I66: 4e Année | K66: 5e Année | M66: 6e Année | O66: TOTAL
C67: G | D67: F | E67: G | F67: F | G67: G | H67: F | I67: G | J67: F | K67: G | L67: F | M67: G | N67: F | O67: G | P67: F | Q67: GF
A68: 1 | B68: ENC | C68: 605 | D68: 561 | E68: 509 | F68: 466 | G68: 477 | H68: 412 | I68: 426 | J68: 419 | K68: 356 | L68: 325 | M68: 276 | N68: 271 | O68: =M68+K68+I68+G68+E68+C68 -> 2649 | P68: =N68+L68+J68+H68+F68+D68 -> 2454 | Q68: =P68+O68 -> 5103
A69: 2 | B69: ECC | C69: 2173 | D69: 1950 | E69: 1646 | F69: 1500 | G69: 1441 | H69: 1298 | I69: 1322 | J69: 1127 | K69: 1161 | L69: 992 | M69: 1006 | N69: 827 | O69: =M69+K69+I69+G69+E69+C69 -> 8749 | P69: =N69+L69+J69+H69+F69+D69 -> 7694 | Q69: =P69+O69 -> 16443
A70: 3 | B70: ECP | C70: 3608 | D70: 3270 | E70: 2734 | F70: 2627 | G70: 2471 | H70: 2241 | I70: 2169 | J70: 1943 | K70: 1883 | L70: 1761 | M70: 1550 | N70: 1363 | O70: =M70+K70+I70+G70+E70+C70 -> 14415 | P70: =N70+L70+J70+H70+F70+D70 -> 13205 | Q70: =P70+O70 -> 27620
A71: 4 | B71: ECK | C71: 165 | D71: 147 | E71: 152 | F71: 117 | G71: 167 | H71: 117 | I71: 109 | J71: 103 | K71: 113 | L71: 83 | M71: 88 | N71: 101 | O71: =M71+K71+I71+G71+E71+C71 -> 794 | P71: =N71+L71+J71+H71+F71+D71 -> 668 | Q71: =P71+O71 -> 1462
A72: 5 | B72: ECBAPT | C72: 0 | D72: 0 | E72: 0 | F72: 0 | G72: 0 | H72: 0 | I72: 0 | J72: 0 | K72: 0 | L72: 0 | M72: 0 | N72: 0 | O72: =M72+K72+I72+G72+E72+C72 -> 0 | P72: =N72+L72+J72+H72+F72+D72 -> 0 | Q72: =P72+O72 -> 0
A73: 6 | B73: ECADV | C73: 124 | D73: 115 | E73: 93 | F73: 87 | G73: 105 | H73: 77 | I73: 118 | J73: 102 | K73: 83 | L73: 60 | M73: 70 | N73: 65 | O73: =M73+K73+I73+G73+E73+C73 -> 593 | P73: =N73+L73+J73+H73+F73+D73 -> 506 | Q73: =P73+O73 -> 1099
A74: 7 | B74: PRIVEE | C74: 118 | D74: 128 | E74: 84 | F74: 117 | G74: 86 | H74: 94 | I74: 87 | J74: 103 | K74: 64 | L74: 93 | M74: 85 | N74: 89 | O74: =M74+K74+I74+G74+E74+C74 -> 524 | P74: =N74+L74+J74+H74+F74+D74 -> 624 | Q74: =P74+O74 -> 1148
A75: TOTAL | C75: =SUM(C68:C74) -> 6793 | D75: =SUM(D68:D74) -> 6171 | E75: =SUM(E68:E74) -> 5218 | F75: =SUM(F68:F74) -> 4914 | G75: =SUM(G68:G74) -> 4747 | H75: =SUM(H68:H74) -> 4239 | I75: =SUM(I68:I74) -> 4231 | J75: =SUM(J68:J74) -> 3797 | ... Q75: =SUM(Q68:Q74) -> 52875
A77: Tableau 3 : Personnel enseignant par qualification, sexe et regime de gestion
A78: N° | B78: Niveau d’enseignement et Régime de Gestion | C78: EAP, D3 | E78: D4 | G78: D6 | I78: AUTRE | K78: TOATAL
C79: H | D79: F | E79: H | F79: F | G79: H | H79: F | I79: H | J79: F | K79: H | L79: F | M79: HF
A80: 1 | B80: ENC | C80: 0 | D80: 0 | E80: 0 | F80: 0 | G80: 82 | H80: 47 | I80: 0 | J80: 0 | K80: =I80+G80+E80+C80 -> 82 | L80: =J80+H80+F80+D80 -> 47 | M80: =L80+K80 -> 129
A81: 2 | B81: ECC | C81: 0 | D81: 0 | E81: 0 | F81: 0 | G81: 246 | H81: 72 | I81: 0 | J81: 0 | K81: =I81+G81+E81+C81 -> 246 | L81: =J81+H81+F81+D81 -> 72 | M81: =L81+K81 -> 318
A82: 3 | B82: ECP | C82: 0 | D82: 0 | E82: 0 | F82: 0 | G82: 365 | H82: 165 | I82: 0 | J82: 0 | K82: =I82+G82+E82+C82 -> 365 | L82: =J82+H82+F82+D82 -> 165 | M82: =L82+K82 -> 530
A83: 4 | B83: ECK | C83: 0 | D83: 0 | E83: 0 | F83: 0 | G83: 43 | H83: 11 | I83: 0 | J83: 0 | K83: =I83+G83+E83+C83 -> 43 | L83: =J83+H83+F83+D83 -> 11 | M83: =L83+K83 -> 54
A84: 5 | B84: ECBAPT | C84: 0 | D84: 0 | E84: 0 | F84: 0 | G84: =I84-H84 -> 0 | H84: 0 | I84: 0 | J84: 0 | K84: =I84+G84+E84+C84 -> 0 | L84: =J84+H84+F84+D84 -> 0 | M84: =L84+K84 -> 0
A85: 6 | B85: ECADV | C85: 0 | D85: 0 | E85: 0 | F85: 0 | G85: 10 | H85: 8 | I85: 0 | J85: 0 | K85: =I85+G85+E85+C85 -> 10 | L85: =J85+H85+F85+D85 -> 8 | M85: =L85+K85 -> 18
A86: 7 | B86: PRIVEE | C86: 0 | D86: 0 | E86: 0 | F86: 0 | G86: 18 | H86: 14 | I86: 0 | J86: 0 | K86: =I86+G86+E86+C86 -> 18 | L86: =J86+H86+F86+D86 -> 14 | M86: =L86+K86 -> 32
A87: TOTAL | C87: 0 | D87: 0 | E87: 0 | F87: 0 | G87: =SUM(G80:G86) -> 764 | H87: 317 | I87: 0 | J87: 0 | K87: =M87-L87 -> 764 | L87: 317 | M87: 1081
A90: ENSEIGNEMENT SECONDAIRE
A91: Tableau 1 : Nombre de classes organisées par année d’études et regime de gestion
A92: N° | B92: Classe et Régime de Gestion | C92: 7e année | D92: 8e Année | E92: 1ère année | F92: 2e année | G92: 3e Année | H92: 4e Année | I92: TOTAL
A93: 1 | B93: ENC | C93: 11 | D93: 11 | E93: 14 | F93: 12 | G93: 12 | H93: 9 | I93: =SUM(C93:H93) -> 69
A94: 2 | B94: ECC | C94: 17 | D94: 17 | E94: 22 | F94: 22 | G94: 22 | H94: 18 | I94: =SUM(C94:H94) -> 118
A95: 3 | B95: ECP | C95: 39 | D95: 39 | E95: 53 | F95: 51 | G95: 48 | H95: 41 | I95: =SUM(C95:H95) -> 271
A96: 4 | B96: ECK | C96: 4 | D96: 4 | E96: 4 | F96: 4 | G96: 4 | H96: 2 | I96: =SUM(C96:H96) -> 22
A97: 5 | B97: ECBAPT | C97: 0 | D97: 0 | E97: 0 | F97: 0 | G97: 0 | H97: 0 | I97: =SUM(C97:H97) -> 0
A98: 6 | B98: ECADV | C98: 3 | D98: 3 | E98: 3 | F98: 3 | G98: 3 | H98: 3 | I98: =SUM(C98:H98) -> 18
A99: 7 | B99: PRIVEE | C99: 3 | D99: 3 | E99: 6 | F99: 6 | G99: 6 | H99: 4 | I99: =SUM(C99:H99) -> 28
A100: TOTAL | C100: =SUM(C93:C99) -> 77 | D100: =SUM(D93:D99) -> 77 | E100: =SUM(E93:E99) -> 102 | F100: =SUM(F93:F99) -> 98 | G100: =SUM(G93:G99) -> 95 | H100: =SUM(H93:H99) -> 77 | I100: =SUM(I93:I99) -> 526
A102: Tableau : Eleves inscrits par niveau d’études, sexe et regime de gestion
A104: N° | B104: Niveau d’enseignement et Régime de Gestion | C104: 7e année | E104: 8e Année | G104: 1ère année | I104: 2e année | K104: 3e Année | M104: 4e Année | O104: TOTAL
C105: G | D105: F | E105: G | F105: F | G105: G | H105: F | I105: G | J105: F | K105: G | L105: F | M105: G | N105: F | O105: G | P105: F | Q105: GF
A106: 1 | B106: ENC | C106: 384 | D106: 266 | E106: 400 | F106: 244 | G106: 204 | H106: 163 | I106: 141 | J106: 107 | K106: 134 | L106: 90 | M106: 128 | N106: 72 | O106: =M106+K106+I106+G106+E106+C106 -> 1391 | P106: =N106+L106+J106+H106+F106+D106 -> 942 | Q106: =P106+O106 -> 2333
A107: 2 | B107: ECC | C107: 496 | D107: 373 | E107: 481 | F107: 314 | G107: 309 | H107: 284 | I107: 288 | J107: 213 | K107: 199 | L107: 167 | M107: 202 | N107: 134 | O107: =M107+K107+I107+G107+E107+C107 -> 1975 | P107: =N107+L107+J107+H107+F107+D107 -> 1485 | Q107: =P107+O107 -> 3460
A108: 3 | B108: ECP | C108: 1118 | D108: 838 | E108: 928 | F108: 659 | G108: 672 | H108: 479 | I108: 538 | J108: 365 | K108: 456 | L108: 298 | M108: 472 | N108: 253 | O108: =M108+K108+I108+G108+E108+C108 -> 4184 | P108: =N108+L108+J108+H108+F108+D108 -> 2892 | Q108: =P108+O108 -> 7076
A109: 4 | B109: ECK | C109: 46 | D109: 38 | E109: 42 | F109: 28 | G109: 21 | H109: 16 | I109: 26 | J109: 11 | K109: 11 | L109: 8 | M109: 10 | N109: 2 | O109: =M109+K109+I109+G109+E109+C109 -> 156 | P109: =N109+L109+J109+H109+F109+D109 -> 103 | Q109: =P109+O109 -> 259
A110: 5 | B110: ECBAPT | C110: 0 | D110: 0 | E110: 0 | F110: 0 | G110: 0 | H110: 0 | I110: 0 | J110: 0 | K110: 0 | L110: 0 | M110: 0 | N110: 0 | O110: =M110+K110+I110+G110+E110+C110 -> 0 | P110: =N110+L110+J110+H110+F110+D110 -> 0 | Q110: =P110+O110 -> 0
...

Sheet SYNTHESE_HKAT_2
A1: COLLECTE RAPIDE DES DONNEES STATISTIQUES SCOLAIRES DES PARAMETRES ESSENTIELS
A2: TABLEAU SYNTHESE
A3: SOUS-DIVISION EDUCATIONNELLE :…………………………………………………………………………………. | D3: PWETO
A4: PROVINCE EDUCATIONNELLE :…………………………………………………………………………………. | D4: HAUT-KATANGA 2
A5: PROVINCE ADMINISTRATIVE :…………………………………………………………………………………. | D5: HAUT-KATANGA
A6: Tableau 1 : Nombre d’Etablissements scolaires par Niveau d’enseignement et Regime de Gestion
A7: N° | B7: Niveau d’enseignement et Régime de Gestion | C7: PRE-PRIMAIRE | D7: PRIMAIRE | E7: SECONDAIRE | F7: TOTAL
A8: 1 | B8: ENC | C8: =PWETO!C8+MITWABA!C8+KILWA!C8+KASENGA!C9 -> 3 | D8: =PWETO!D8+MITWABA!D8+KILWA!D8+KASENGA!D9 -> 77 | E8: =PWETO!E8+MITWABA!E8+KILWA!E8+KASENGA!E9 -> 59 | F8: =SUM(C8:E8) -> 139
A9: 2 | B9: ECC | C9: =PWETO!C9+MITWABA!C9+KILWA!C9+KASENGA!C10 -> 7 | D9: =PWETO!D9+MITWABA!D9+KILWA!D9+KASENGA!D10 -> 248 | E9: =PWETO!E9+MITWABA!E9+KILWA!E9+KASENGA!E10 -> 102 | F9: =SUM(C9:E9) -> 357
A10: 3 | B10: ECP | C10: =PWETO!C10+MITWABA!C10+KILWA!C10+KASENGA!C11 -> 2 | D10: =PWETO!D10+MITWABA!D10+KILWA!D10+KASENGA!D11 -> 283 | E10: =PWETO!E10+MITWABA!E10+KILWA!E10+KASENGA!E11 -> 135 | F10: =SUM(C10:E10) -> 420
A11: 4 | B11: ECK | C11: =PWETO!C11+MITWABA!C11+KILWA!C11+KASENGA!C12 -> 0 | D11: =PWETO!D11+MITWABA!D11+KILWA!D11+KASENGA!D12 -> 21 | E11: =PWETO!E11+MITWABA!E11+KILWA!E11+KASENGA!E12 -> 7 | F11: =SUM(C11:E11) -> 28
A12: 5 | B12: ECBAPT | C12: =PWETO!C12+MITWABA!C12+KILWA!C12+KASENGA!C13 -> 0 | D12: =PWETO!D12+MITWABA!D12+KILWA!D12+KASENGA!D13 -> 0 | E12: =PWETO!E12+MITWABA!E12+KILWA!E12+KASENGA!E13 -> 1 | F12: =SUM(C12:E12) -> 1
A13: 6 | B13: ECADV | C13: =PWETO!C13+MITWABA!C13+KILWA!C13+KASENGA!C14 -> 0 | D13: =PWETO!D13+MITWABA!D13+KILWA!D13+KASENGA!D14 -> 9 | E13: =PWETO!E13+MITWABA!E13+KILWA!E13+KASENGA!E14 -> 6 | F13: =SUM(C13:E13) -> 15
A14: 7 | B14: PRIVEE | C14: =PWETO!C14+MITWABA!C14+KILWA!C14+KASENGA!C15 -> 1 | D14: =PWETO!D14+MITWABA!D14+KILWA!D14+KASENGA!D15 -> 10 | E14: =PWETO!E14+MITWABA!E14+KILWA!E14+KASENGA!E15 -> 6 | F14: =SUM(C14:E14) -> 17
A15: TOTAL | C15: =SUM(C8:C14) -> 13 | D15: =SUM(D8:D14) -> 648 | E15: =SUM(E8:E14) -> 316 | F15: =SUM(F8:F14) -> 977
A17: ENSEIGNEMENT PRE-PRIMAIRE
A18: Tableau 2 : Nombre de classes organisées par année d’études et regime de gestion
A19: N° | B19: Niveau d’enseignement et Régime de Gestion | C19: 1ère année | D19: 2è année | E19: 3è annnée | F19: TOTAL
A20: 1 | B20: ENC | C20: =PWETO!C20+MITWABA!C20+KILWA!C20+KASENGA!C21 -> 3 | D20: =PWETO!D20+MITWABA!D20+KILWA!D20+KASENGA!D21 -> 3 | E20: =PWETO!E20+MITWABA!E20+KILWA!E20+KASENGA!E21 -> 3 | F20: =SUM(C20:E20) -> 9
A21: 2 | B21: ECC | C21: =PWETO!C21+MITWABA!C21+KILWA!C21+KASENGA!C22 -> 8 | D21: =PWETO!D21+MITWABA!D21+KILWA!D21+KASENGA!D22 -> 7 | E21: =PWETO!E21+MITWABA!E21+KILWA!E21+KASENGA!E22 -> 7 | F21: =SUM(C21:E21) -> 22
A22: 3 | B22: ECP | C22: =PWETO!C22+MITWABA!C22+KILWA!C22+KASENGA!C23 -> 3 | D22: =PWETO!D22+MITWABA!D22+KILWA!D22+KASENGA!D23 -> 3 | E22: =PWETO!E22+MITWABA!E22+KILWA!E22+KASENGA!E23 -> 1 | F22: =SUM(C22:E22) -> 7
A23: 4 | B23: ECK | C23: =PWETO!C23+MITWABA!C23+KILWA!C23+KASENGA!C24 -> 0 | D23: =PWETO!D23+MITWABA!D23+KILWA!D23+KASENGA!D24 -> 0 | E23: =PWETO!E23+MITWABA!E23+KILWA!E23+KASENGA!E24 -> 0 | F23: =SUM(C23:E23) -> 0
A24: 5 | B24: ECBAPT | C24: =PWETO!C24+MITWABA!C24+KILWA!C24+KASENGA!C25 -> 0 | D24: =PWETO!D24+MITWABA!D24+KILWA!D24+KASENGA!D25 -> 0 | E24: =PWETO!E24+MITWABA!E24+KILWA!E24+KASENGA!E25 -> 0 | F24: =SUM(C24:E24) -> 0
A25: 6 | B25: ECADV | C25: =PWETO!C25+MITWABA!C25+KILWA!C25+KASENGA!C26 -> 0 | D25: =PWETO!D25+MITWABA!D25+KILWA!D25+KASENGA!D26 -> 0 | E25: =PWETO!E25+MITWABA!E25+KILWA!E25+KASENGA!E26 -> 0 | F25: =SUM(C25:E25) -> 0
A26: 7 | B26: PRIVEE | C26: =PWETO!C26+MITWABA!C26+KILWA!C26+KASENGA!C27 -> 1 | D26: =PWETO!D26+MITWABA!D26+KILWA!D26+KASENGA!D27 -> 1 | E26: =PWETO!E26+MITWABA!E26+KILWA!E26+KASENGA!E27 -> 1 | F26: =SUM(C26:E26) -> 3
A27: TOTAL | C27: =SUM(C20:C26) -> 15 | D27: =SUM(D20:D26) -> 14 | E27: =SUM(E20:E26) -> 12 | F27: =SUM(F20:F26) -> 41
A29: Tableau : Enfants inscrits par année d’études, sexe et regime de gestion
A30: N° | B30: Niveau d’enseignement et Régime de Gestion | C30: 1ère Année | E30: 2è Année | G30: 3è Année | I30: TOTAL
C31: G | D31: F | E31: G | F31: F | G31: G | H31: F | I31: G | J31: F | K31: GF
A32: 1 | B32: ENC | C32: =PWETO!C32+MITWABA!C32+KILWA!C32+KASENGA!C33 -> 25 | D32: =PWETO!D32+MITWABA!D32+KILWA!D32+KASENGA!D33 -> 17 | E32: =PWETO!E32+MITWABA!E32+KILWA!E32+KASENGA!E33 -> 23 | F32: =PWETO!F32+MITWABA!F32+KILWA!F32+KASENGA!F33 -> 22 | G32: =PWETO!G32+MITWABA!G32+KILWA!G32+KASENGA!G33 -> 21 | H32: =PWETO!H32+MITWABA!H32+KILWA!H32+KASENGA!H33 -> 21 | I32: =G32+E32+C32 -> 69 | J32: =H32+F32+D32 -> 60 | K32: =J32+I32 -> 129
A33: 2 | B33: ECC | C33: =PWETO!C33+MITWABA!C33+KILWA!C33+KASENGA!C34 -> 109 | D33: =PWETO!D33+MITWABA!D33+KILWA!D33+KASENGA!D34 -> 107 | E33: =PWETO!E33+MITWABA!E33+KILWA!E33+KASENGA!E34 -> 96 | F33: =PWETO!F33+MITWABA!F33+KILWA!F33+KASENGA!F34 -> 108 | G33: =PWETO!G33+MITWABA!G33+KILWA!G33+KASENGA!G34 -> 66 | H33: =PWETO!H33+MITWABA!H33+KILWA!H33+KASENGA!H34 -> 71 | I33: =G33+E33+C33 -> 271 | J33: =H33+F33+D33 -> 286 | K33: =J33+I33 -> 557
A34: 3 | B34: ECP | C34: =PWETO!C34+MITWABA!C34+KILWA!C34+KASENGA!C35 -> 15 | D34: =PWETO!D34+MITWABA!D34+KILWA!D34+KASENGA!D35 -> 18 | E34: =PWETO!E34+MITWABA!E34+KILWA!E34+KASENGA!E35 -> 13 | F34: =PWETO!F34+MITWABA!F34+KILWA!F34+KASENGA!F35 -> 14 | G34: =PWETO!G34+MITWABA!G34+KILWA!G34+KASENGA!G35 -> 15 | H34: =PWETO!H34+MITWABA!H34+KILWA!H34+KASENGA!H35 -> 14 | I34: =G34+E34+C34 -> 43 | J34: =H34+F34+D34 -> 46 | K34: =J34+I34 -> 89
A35: 4 | B35: ECK | C35: =PWETO!C35+MITWABA!C35+KILWA!C35+KASENGA!C36 -> 0 | D35: =PWETO!D35+MITWABA!D35+KILWA!D35+KASENGA!D36 -> 0 | E35: =PWETO!E35+MITWABA!E35+KILWA!E35+KASENGA!E36 -> 0 | F35: =PWETO!F35+MITWABA!F35+KILWA!F35+KASENGA!F36 -> 0 | G35: =PWETO!G35+MITWABA!G35+KILWA!G35+KASENGA!G36 -> 0 | H35: =PWETO!H35+MITWABA!H35+KILWA!H35+KASENGA!H36 -> 0 | I35: =G35+E35+C35 -> 0 | J35: =H35+F35+D35 -> 0 | K35: =J35+I35 -> 0
A36: 5 | B36: ECBAPT | C36: =PWETO!C36+MITWABA!C36+KILWA!C36+KASENGA!C37 -> 0 | D36: =PWETO!D36+MITWABA!D36+KILWA!D36+KASENGA!D37 -> 0 | E36: =PWETO!E36+MITWABA!E36+KILWA!E36+KASENGA!E37 -> 0 | F36: =PWETO!F36+MITWABA!F36+KILWA!F36+KASENGA!F37 -> 0 | G36: =PWETO!G36+MITWABA!G36+KILWA!G36+KASENGA!G37 -> 0 | H36: =PWETO!H36+MITWABA!H36+KILWA!H36+KASENGA!H37 -> 0 | I36: =G36+E36+C36 -> 0 | J36: =H36+F36+D36 -> 0 | K36: =J36+I36 -> 0
A37: 6 | B37: ECADV | C37: =PWETO!C37+MITWABA!C37+KILWA!C37+KASENGA!C38 -> 0 | D37: =PWETO!D37+MITWABA!D37+KILWA!D37+KASENGA!D38 -> 0 | E37: =PWETO!E37+MITWABA!E37+KILWA!E37+KASENGA!E38 -> 0 | F37: =PWETO!F37+MITWABA!F37+KILWA!F37+KASENGA!F38 -> 0 | G37: =PWETO!G37+MITWABA!G37+KILWA!G37+KASENGA!G38 -> 0 | H37: =PWETO!H37+MITWABA!H37+KILWA!H37+KASENGA!H38 -> 0 | I37: =G37+E37+C37 -> 0 | J37: =H37+F37+D37 -> 0 | K37: =J37+I37 -> 0
A38: 7 | B38: PRIVEE | C38: =PWETO!C38+MITWABA!C38+KILWA!C38+KASENGA!C39 -> 5 | D38: =PWETO!D38+MITWABA!D38+KILWA!D38+KASENGA!D39 -> 4 | E38: =PWETO!E38+MITWABA!E38+KILWA!E38+KASENGA!E39 -> 3 | F38: =PWETO!F38+MITWABA!F38+KILWA!F38+KASENGA!F39 -> 2 | G38: =PWETO!G38+MITWABA!G38+KILWA!G38+KASENGA!G39 -> 1 | H38: =PWETO!H38+MITWABA!H38+KILWA!H38+KASENGA!H39 -> 3 | I38: =G38+E38+C38 -> 9 | J38: =H38+F38+D38 -> 9 | K38: =J38+I38 -> 18
A39: TOTAL | C39: =SUM(C32:C38) -> 154 | D39: =SUM(D32:D38) -> 146 | E39: =SUM(E32:E38) -> 135 | F39: =SUM(F32:F38) -> 146 | G39: =SUM(G32:G38) -> 103 | H39: =SUM(H32:H38) -> 109 | I39: =SUM(I32:I38) -> 392 | J39: =SUM(J32:J38) -> 401 | K39: =SUM(K32:K38) -> 793
A41: Tableau 4 : Educateurs (trices) par qualification, sexe et régime de gestion
A42: N° | B42: Niveau d’enseignement et Régime de Gestion | C42: EAP, D3 | E42: D4 | G42: EM | I42: D6 | K42: AUTRE | M42: TOTAL
C43: H | D43: F | E43: H | F43: F | G43: H | H43: F | I43: H | J43: F | K43: H | L43: F | M43: H | N43: F | O43: HF
A44: 1 | B44: ENC | C44: =PWETO!C44+MITWABA!C44+KILWA!C44+KASENGA!C45 -> 0 | D44: =PWETO!D44+MITWABA!D44+KILWA!D44+KASENGA!D45 -> 0 | E44: =PWETO!E44+MITWABA!E44+KILWA!E44+KASENGA!E45 -> 0 | F44: =PWETO!F44+MITWABA!F44+KILWA!F44+KASENGA!F45 -> 0 | G44: =PWETO!G44+MITWABA!G44+KILWA!G44+KASENGA!G45 -> 0 | H44: =PWETO!H44+MITWABA!H44+KILWA!H44+KASENGA!H45 -> 0 | I44: =PWETO!I44+MITWABA!I44+KILWA!I44+KASENGA!I45 -> 0 | J44: =PWETO!J44+MITWABA!J44+KILWA!J44+KASENGA!J45 -> 9 | ... L44: =PWETO!L44+MITWABA!L44+KILWA!L44+KASENGA!L45 -> 0 | M44: =K44+I44+G44+E44+C44 -> 0 | N44: =L44+J44+H44+F44+D44 -> 9 | O44: =N44+M44 -> 9
A45: 2 | B45: ECC | C45: =PWETO!C45+MITWABA!C45+KILWA!C45+KASENGA!C46 -> 0 | D45: =PWETO!D45+MITWABA!D45+KILWA!D45+KASENGA!D46 -> 0 | E45: =PWETO!E45+MITWABA!E45+KILWA!E45+KASENGA!E46 -> 0 | F45: =PWETO!F45+MITWABA!F45+KILWA!F45+KASENGA!F46 -> 0 | G45: =PWETO!G45+MITWABA!G45+KILWA!G45+KASENGA!G46 -> 0 | H45: =PWETO!H45+MITWABA!H45+KILWA!H45+KASENGA!H46 -> 0 | I45: =PWETO!I45+MITWABA!I45+KILWA!I45+KASENGA!I46 -> 0 | J45: =PWETO!J45+MITWABA!J45+KILWA!J45+KASENGA!J46 -> 39 | ... L45: =PWETO!L45+MITWABA!L45+KILWA!L45+KASENGA!L46 -> 0 | M45: =K45+I45+G45+E45+C45 -> 0 | N45: =L45+J45+H45+F45+D45 -> 39 | O45: =N45+M45 -> 39
A46: 3 | B46: ECP | C46: =PWETO!C46+MITWABA!C46+KILWA!C46+KASENGA!C47 -> 0 | D46: =PWETO!D46+MITWABA!D46+KILWA!D46+KASENGA!D47 -> 0 | E46: =PWETO!E46+MITWABA!E46+KILWA!E46+KASENGA!E47 -> 0 | F46: =PWETO!F46+MITWABA!F46+KILWA!F46+KASENGA!F47 -> 0 | G46: =PWETO!G46+MITWABA!G46+KILWA!G46+KASENGA!G47 -> 0 | H46: =PWETO!H46+MITWABA!H46+KILWA!H46+KASENGA!H47 -> 0 | I46: =PWETO!I46+MITWABA!I46+KILWA!I46+KASENGA!I47 -> 0 | J46: =PWETO!J46+MITWABA!J46+KILWA!J46+KASENGA!J47 -> 7 | ... L46: =PWETO!L46+MITWABA!L46+KILWA!L46+KASENGA!L47 -> 0 | M46: =K46+I46+G46+E46+C46 -> 0 | N46: =L46+J46+H46+F46+D46 -> 7 | O46: =N46+M46 -> 7
A47: 4 | B47: ECK | C47: =PWETO!C47+MITWABA!C47+KILWA!C47+KASENGA!C48 -> 0 | D47: =PWETO!D47+MITWABA!D47+KILWA!D47+KASENGA!D48 -> 0 | E47: =PWETO!E47+MITWABA!E47+KILWA!E47+KASENGA!E48 -> 0 | F47: =PWETO!F47+MITWABA!F47+KILWA!F47+KASENGA!F48 -> 0 | G47: =PWETO!G47+MITWABA!G47+KILWA!G47+KASENGA!G48 -> 0 | H47: =PWETO!H47+MITWABA!H47+KILWA!H47+KASENGA!H48 -> 0 | I47: =PWETO!I47+MITWABA!I47+KILWA!I47+KASENGA!I48 -> 0 | J47: =PWETO!J47+MITWABA!J47+KILWA!J47+KASENGA!J48 -> 0 | ... L47: =PWETO!L47+MITWABA!L47+KILWA!L47+KASENGA!L48 -> 0 | M47: =K47+I47+G47+E47+C47 -> 0 | N47: =L47+J47+H47+F47+D47 -> 0 | O47: =N47+M47 -> 0
A48: 5 | B48: ECBAPT | C48: =PWETO!C48+MITWABA!C48+KILWA!C48+KASENGA!C49 -> 0 | D48: =PWETO!D48+MITWABA!D48+KILWA!D48+KASENGA!D49 -> 0 | E48: =PWETO!E48+MITWABA!E48+KILWA!E48+KASENGA!E49 -> 0 | F48: =PWETO!F48+MITWABA!F48+KILWA!F48+KASENGA!F49 -> 0 | G48: =PWETO!G48+MITWABA!G48+KILWA!G48+KASENGA!G49 -> 0 | H48: =PWETO!H48+MITWABA!H48+KILWA!H48+KASENGA!H49 -> 0 | I48: =PWETO!I48+MITWABA!I48+KILWA!I48+KASENGA!I49 -> 0 | J48: =PWETO!J48+MITWABA!J48+KILWA!J48+KASENGA!J49 -> 0 | ... L48: =PWETO!L48+MITWABA!L48+KILWA!L48+KASENGA!L49 -> 0 | M48: =K48+I48+G48+E48+C48 -> 0 | N48: =L48+J48+H48+F48+D48 -> 0 | O48: =N48+M48 -> 0
A49: 6 | B49: ECADV | C49: =PWETO!C49+MITWABA!C49+KILWA!C49+KASENGA!C50 -> 0 | D49: =PWETO!D49+MITWABA!D49+KILWA!D49+KASENGA!D50 -> 0 | E49: =PWETO!E49+MITWABA!E49+KILWA!E49+KASENGA!E50 -> 0 | F49: =PWETO!F49+MITWABA!F49+KILWA!F49+KASENGA!F50 -> 0 | G49: =PWETO!G49+MITWABA!G49+KILWA!G49+KASENGA!G50 -> 0 | H49: =PWETO!H49+MITWABA!H49+KILWA!H49+KASENGA!H50 -> 0 | I49: =PWETO!I49+MITWABA!I49+KILWA!I49+KASENGA!I50 -> 0 | J49: =PWETO!J49+MITWABA!J49+KILWA!J49+KASENGA!J50 -> 0 | ... L49: =PWETO!L49+MITWABA!L49+KILWA!L49+KASENGA!L50 -> 0 | M49: =K49+I49+G49+E49+C49 -> 0 | N49: =L49+J49+H49+F49+D49 -> 0 | O49: =N49+M49 -> 0
A50: 7 | B50: PRIVEE | C50: =PWETO!C50+MITWABA!C50+KILWA!C50+KASENGA!C51 -> 0 | D50: =PWETO!D50+MITWABA!D50+KILWA!D50+KASENGA!D51 -> 0 | E50: =PWETO!E50+MITWABA!E50+KILWA!E50+KASENGA!E51 -> 0 | F50: =PWETO!F50+MITWABA!F50+KILWA!F50+KASENGA!F51 -> 0 | G50: =PWETO!G50+MITWABA!G50+KILWA!G50+KASENGA!G51 -> 0 | H50: =PWETO!H50+MITWABA!H50+KILWA!H50+KASENGA!H51 -> 0 | I50: =PWETO!I50+MITWABA!I50+KILWA!I50+KASENGA!I51 -> 0 | J50: =PWETO!J50+MITWABA!J50+KILWA!J50+KASENGA!J51 -> 3 | ... L50: =PWETO!L50+MITWABA!L50+KILWA!L50+KASENGA!L51 -> 0 | M50: =K50+I50+G50+E50+C50 -> 0 | N50: =L50+J50+H50+F50+D50 -> 3 | O50: =N50+M50 -> 3
A51: TOTAL | C51: =SUM(C44:C50) -> 0 | D51: =SUM(D44:D50) -> 0 | E51: =SUM(E44:E50) -> 0 | F51: =SUM(F44:F50) -> 0 | G51: =SUM(G44:G50) -> 0 | H51: =SUM(H44:H50) -> 0 | I51: =SUM(I44:I50) -> 0 | J51: =SUM(J44:J50) -> 58 | ... O51: =SUM(O44:O50) -> 58
A53: ENSEIGNEMENT PRIMAIRE
A54: Tableau 1 : Nombre de classes organisées par année d’études et régime de gestion
A55: N° | B55: Niveau d’enseignement et Régime de Gestion | C55: 1ère année | D55: 2e année | E55: 3e année | F55: 4e année | G55: 5e année | H55: 6e année | I55: TOTAL
A56: 1 | B56: ENC | C56: =PWETO!C56+MITWABA!C56+KILWA!C56+KASENGA!C57 -> 122 | D56: =PWETO!D56+MITWABA!D56+KILWA!D56+KASENGA!D57 -> 122 | E56: =PWETO!E56+MITWABA!E56+KILWA!E56+KASENGA!E57 -> 104 | F56: =PWETO!F56+MITWABA!F56+KILWA!F56+KASENGA!F57 -> 102 | G56: =PWETO!G56+MITWABA!G56+KILWA!G56+KASENGA!G57 -> 102 | H56: =PWETO!H56+MITWABA!H56+KILWA!H56+KASENGA!H57 -> 98 | I56: =SUM(C56:H56) -> 650
A57: 2 | B57: ECC | C57: =PWETO!C57+MITWABA!C57+KILWA!C57+KASENGA!C58 -> 382 | D57: =PWETO!D57+MITWABA!D57+KILWA!D57+KASENGA!D58 -> 358 | E57: =PWETO!E57+MITWABA!E57+KILWA!E57+KASENGA!E58 -> 337 | F57: =PWETO!F57+MITWABA!F57+KILWA!F57+KASENGA!F58 -> 315 | G57: =PWETO!G57+MITWABA!G57+KILWA!G57+KASENGA!G58 -> 313 | H57: =PWETO!H57+MITWABA!H57+KILWA!H57+KASENGA!H58 -> 293 | I57: =SUM(C57:H57) -> 1998
A58: 3 | B58: ECP | C58: =PWETO!C58+MITWABA!C58+KILWA!C58+KASENGA!C59 -> 334 | D58: =PWETO!D58+MITWABA!D58+KILWA!D58+KASENGA!D59 -> 325 | E58: =PWETO!E58+MITWABA!E58+KILWA!E58+KASENGA!E59 -> 309 | F58: =PWETO!F58+MITWABA!F58+KILWA!F58+KASENGA!F59 -> 306 | G58: =PWETO!G58+MITWABA!G58+KILWA!G58+KASENGA!G59 -> 294 | H58: =PWETO!H58+MITWABA!H58+KILWA!H58+KASENGA!H59 -> 290 | I58: =SUM(C58:H58) -> 1858
A59: 4 | B59: ECK | C59: =PWETO!C59+MITWABA!C59+KILWA!C59+KASENGA!C60 -> 18 | D59: =PWETO!D59+MITWABA!D59+KILWA!D59+KASENGA!D60 -> 18 | E59: =PWETO!E59+MITWABA!E59+KILWA!E59+KASENGA!E60 -> 18 | F59: =PWETO!F59+MITWABA!F59+KILWA!F59+KASENGA!F60 -> 18 | G59: =PWETO!G59+MITWABA!G59+KILWA!G59+KASENGA!G60 -> 18 | H59: =PWETO!H59+MITWABA!H59+KILWA!H59+KASENGA!H60 -> 18 | I59: =SUM(C59:H59) -> 108
A60: 5 | B60: ECBAPT | C60: =PWETO!C60+MITWABA!C60+KILWA!C60+KASENGA!C61 -> 0 | D60: =PWETO!D60+MITWABA!D60+KILWA!D60+KASENGA!D61 -> 0 | E60: =PWETO!E60+MITWABA!E60+KILWA!E60+KASENGA!E61 -> 0 | F60: =PWETO!F60+MITWABA!F60+KILWA!F60+KASENGA!F61 -> 0 | G60: =PWETO!G60+MITWABA!G60+KILWA!G60+KASENGA!G61 -> 0 | H60: =PWETO!H60+MITWABA!H60+KILWA!H60+KASENGA!H61 -> 0 | I60: =SUM(C60:H60) -> 0
A61: 6 | B61: ECADV | C61: =PWETO!C61+MITWABA!C61+KILWA!C61+KASENGA!C62 -> 10 | D61: =PWETO!D61+MITWABA!D61+KILWA!D61+KASENGA!D62 -> 10 | E61: =PWETO!E61+MITWABA!E61+KILWA!E61+KASENGA!E62 -> 9 | F61: =PWETO!F61+MITWABA!F61+KILWA!F61+KASENGA!F62 -> 9 | G61: =PWETO!G61+MITWABA!G61+KILWA!G61+KASENGA!G62 -> 9 | H61: =PWETO!H61+MITWABA!H61+KILWA!H61+KASENGA!H62 -> 9 | I61: =SUM(C61:H61) -> 56
A62: 7 | B62: PRIVEE | C62: =PWETO!C62+MITWABA!C62+KILWA!C62+KASENGA!C63 -> 11 | D62: =PWETO!D62+MITWABA!D62+KILWA!D62+KASENGA!D63 -> 11 | E62: =PWETO!E62+MITWABA!E62+KILWA!E62+KASENGA!E63 -> 10 | F62: =PWETO!F62+MITWABA!F62+KILWA!F62+KASENGA!F63 -> 10 | G62: =PWETO!G62+MITWABA!G62+KILWA!G62+KASENGA!G63 -> 10 | H62: =PWETO!H62+MITWABA!H62+KILWA!H62+KASENGA!H63 -> 10 | I62: =SUM(C62:H62) -> 62
A63: TOTAL | C63: =SUM(C56:C62) -> 877 | D63: =SUM(D56:D62) -> 844 | E63: =SUM(E56:E62) -> 787 | F63: =SUM(F56:F62) -> 760 | G63: =SUM(G56:G62) -> 746 | H63: =SUM(H56:H62) -> 718 | I63: =SUM(I56:I62) -> 4732
A65: Tableau 2: Elèves inscrits par année d’études, sexe et régime de gestion
A66: N° | B66: Niveau d’enseignement et Régime de Gestion | C66: 1ère année | E66: 2e année | G66: 3e Année | I66: 4e Année | K66: 5e Année | M66: 6e Année | O66: TOTAL
C67: G | D67: F | E67: G | F67: F | G67: G | H67: F | I67: G | J67: F | K67: G | L67: F | M67: G | N67: F | O67: G | P67: F | Q67: GF
A68: 1 | B68: ENC | C68: =PWETO!C68+MITWABA!C68+KILWA!C68+KASENGA!C69 -> 2846 | D68: =PWETO!D68+MITWABA!D68+KILWA!D68+KASENGA!D69 -> 2799 | E68: =PWETO!E68+MITWABA!E68+KILWA!E68+KASENGA!E69 -> 2564 | F68: =PWETO!F68+MITWABA!F68+KILWA!F68+KASENGA!F69 -> 2508 | G68: =PWETO!G68+MITWABA!G68+KILWA!G68+KASENGA!G69 -> 2323 | H68: =PWETO!H68+MITWABA!H68+KILWA!H68+KASENGA!H69 -> 2178 | I68: =PWETO!I68+MITWABA!I68+KILWA!I68+KASENGA!I69 -> 2133 | J68: =PWETO!J68+MITWABA!J68+KILWA!J68+KASENGA!J69 -> 2042 | ... N68: =PWETO!N68+MITWABA!N68+KILWA!N68+KASENGA!N69 -> 1213 | O68: =M68+K68+I68+G68+E68+C68 -> 13426 | P68: =N68+L68+J68+H68+F68+D68 -> 12645 | Q68: =O68+P68 -> 26071
A69: 2 | B69: ECC | C69: =PWETO!C69+MITWABA!C69+KILWA!C69+KASENGA!C70 -> 11021 | D69: =PWETO!D69+MITWABA!D69+KILWA!D69+KASENGA!D70 -> 9998 | E69: =PWETO!E69+MITWABA!E69+KILWA!E69+KASENGA!E70 -> 9622 | F69: =PWETO!F69+MITWABA!F69+KILWA!F69+KASENGA!F70 -> 7594 | G69: =PWETO!G69+MITWABA!G69+KILWA!G69+KASENGA!G70 -> 7833 | H69: =PWETO!H69+MITWABA!H69+KILWA!H69+KASENGA!H70 -> 6608 | I69: =PWETO!I69+MITWABA!I69+KILWA!I69+KASENGA!I70 -> 6841 | J69: =PWETO!J69+MITWABA!J69+KILWA!J69+KASENGA!J70 -> 5777 | ... N69: =PWETO!N69+MITWABA!N69+KILWA!N69+KASENGA!N70 -> 4293 | O69: =M69+K69+I69+G69+E69+C69 -> 47920 | P69: =N69+L69+J69+H69+F69+D69 -> 39960 | Q69: =O69+P69 -> 87880
A70: 3 | B70: ECP | C70: =PWETO!C70+MITWABA!C70+KILWA!C70+KASENGA!C71 -> 12238 | D70: =PWETO!D70+MITWABA!D70+KILWA!D70+KASENGA!D71 -> 11022 | E70: =PWETO!E70+MITWABA!E70+KILWA!E70+KASENGA!E71 -> 9885 | F70: =PWETO!F70+MITWABA!F70+KILWA!F70+KASENGA!F71 -> 8945 | G70: =PWETO!G70+MITWABA!G70+KILWA!G70+KASENGA!G71 -> 8979 | H70: =PWETO!H70+MITWABA!H70+KILWA!H70+KASENGA!H71 -> 8286 | I70: =PWETO!I70+MITWABA!I70+KILWA!I70+KASENGA!I71 -> 9866 | J70: =PWETO!J70+MITWABA!J70+KILWA!J70+KASENGA!J71 -> 7325 | ... N70: =PWETO!N70+MITWABA!N70+KILWA!N70+KASENGA!N71 -> 4540 | O70: =M70+K70+I70+G70+E70+C70 -> 54029 | P70: =N70+L70+J70+H70+F70+D70 -> 46236 | Q70: =O70+P70 -> 100265
A71: 4 | B71: ECK | C71: =PWETO!C71+MITWABA!C71+KILWA!C71+KASENGA!C72 -> 464 | D71: =PWETO!D71+MITWABA!D71+KILWA!D71+KASENGA!D72 -> 449 | E71: =PWETO!E71+MITWABA!E71+KILWA!E71+KASENGA!E72 -> 442 | F71: =PWETO!F71+MITWABA!F71+KILWA!F71+KASENGA!F72 -> 375 | G71: =PWETO!G71+MITWABA!G71+KILWA!G71+KASENGA!G72 -> 429 | H71: =PWETO!H71+MITWABA!H71+KILWA!H71+KASENGA!H72 -> 371 | I71: =PWETO!I71+MITWABA!I71+KILWA!I71+KASENGA!I72 -> 333 | J71: =PWETO!J71+MITWABA!J71+KILWA!J71+KASENGA!J72 -> 266 | ... N71: =PWETO!N71+MITWABA!N71+KILWA!N71+KASENGA!N72 -> 213 | O71: =M71+K71+I71+G71+E71+C71 -> 2207 | P71: =N71+L71+J71+H71+F71+D71 -> 1908 | Q71: =O71+P71 -> 4115
A72: 5 | B72: ECBAPT | C72: =PWETO!C72+MITWABA!C72+KILWA!C72+KASENGA!C73 -> 0 | D72: =PWETO!D72+MITWABA!D72+KILWA!D72+KASENGA!D73 -> 0 | E72: =PWETO!E72+MITWABA!E72+KILWA!E72+KASENGA!E73 -> 0 | F72: =PWETO!F72+MITWABA!F72+KILWA!F72+KASENGA!F73 -> 0 | G72: =PWETO!G72+MITWABA!G72+KILWA!G72+KASENGA!G73 -> 0 | H72: =PWETO!H72+MITWABA!H72+KILWA!H72+KASENGA!H73 -> 0 | I72: =PWETO!I72+MITWABA!I72+KILWA!I72+KASENGA!I73 -> 0 | J72: =PWETO!J72+MITWABA!J72+KILWA!J72+KASENGA!J73 -> 0 | ... N72: =PWETO!N72+MITWABA!N72+KILWA!N72+KASENGA!N73 -> 0 | O72: =M72+K72+I72+G72+E72+C72 -> 0 | P72: =N72+L72+J72+H72+F72+D72 -> 0 | Q72: =O72+P72 -> 0
A73: 6 | B73: ECADV | C73: =PWETO!C73+MITWABA!C73+KILWA!C73+KASENGA!C74 -> 367 | D73: =PWETO!D73+MITWABA!D73+KILWA!D73+KASENGA!D74 -> 283 | E73: =PWETO!E73+MITWABA!E73+KILWA!E73+KASENGA!E74 -> 324 | F73: =PWETO!F73+MITWABA!F73+KILWA!F73+KASENGA!F74 -> 299 | G73: =PWETO!G73+MITWABA!G73+KILWA!G73+KASENGA!G74 -> 291 | H73: =PWETO!H73+MITWABA!H73+KILWA!H73+KASENGA!H74 -> 242 | I73: =PWETO!I73+MITWABA!I73+KILWA!I73+KASENGA!I74 -> 284 | J73: =PWETO!J73+MITWABA!J73+KILWA!J73+KASENGA!J74 -> 260 | ... N73: =PWETO!N73+MITWABA!N73+KILWA!N73+KASENGA!N74 -> 129 | O73: =M73+K73+I73+G73+E73+C73 -> 1734 | P73: =N73+L73+J73+H73+F73+D73 -> 1407 | Q73: =O73+P73 -> 3141
A74: 7 | B74: PRIVEE | C74: =PWETO!C74+MITWABA!C74+KILWA!C74+KASENGA!C75 -> 217 | D74: =PWETO!D74+MITWABA!D74+KILWA!D74+KASENGA!D75 -> 230 | E74: =PWETO!E74+MITWABA!E74+KILWA!E74+KASENGA!E75 -> 177 | F74: =PWETO!F74+MITWABA!F74+KILWA!F74+KASENGA!F75 -> 238 | G74: =PWETO!G74+MITWABA!G74+KILWA!G74+KASENGA!G75 -> 177 | H74: =PWETO!H74+MITWABA!H74+KILWA!H74+KASENGA!H75 -> 186 | I74: =PWETO!I74+MITWABA!I74+KILWA!I74+KASENGA!I75 -> 157 | J74: =PWETO!J74+MITWABA!J74+KILWA!J74+KASENGA!J75 -> 170 | ... N74: =PWETO!N74+MITWABA!N74+KILWA!N74+KASENGA!N75 -> 125 | O74: =M74+K74+I74+G74+E74+C74 -> 983 | P74: =N74+L74+J74+H74+F74+D74 -> 1088 | Q74: =O74+P74 -> 2071
A75: TOTAL | C75: =SUM(C68:C74) -> 27153 | D75: =SUM(D68:D74) -> 24781 | E75: =SUM(E68:E74) -> 23014 | F75: =SUM(F68:F74) -> 19959 | G75: =SUM(G68:G74) -> 20032 | H75: =SUM(H68:H74) -> 17871 | I75: =SUM(I68:I74) -> 19614 | J75: =SUM(J68:J74) -> 15840 | ... Q75: =SUM(Q68:Q74) -> 223543
A77: Tableau 3 : Personnel enseignant par qualification, sexe et regime de gestion
A78: N° | B78: Niveau d’enseignement et Régime de Gestion | C78: EAP, D3 | E78: D4 | G78: D6 | I78: AUTRE | K78: TOATAL
C79: H | D79: F | E79: H | F79: F | G79: H | H79: F | I79: H | J79: F | K79: H | L79: F | M79: HF
A80: 1 | B80: ENC | C80: =PWETO!C80+MITWABA!C80+KILWA!C80+KASENGA!C81 -> 0 | D80: =PWETO!D80+MITWABA!D80+KILWA!D80+KASENGA!D81 -> 0 | E80: =PWETO!E80+MITWABA!E80+KILWA!E80+KASENGA!E81 -> 0 | F80: =PWETO!F80+MITWABA!F80+KILWA!F80+KASENGA!F81 -> 0 | G80: =PWETO!G80+MITWABA!G80+KILWA!G80+KASENGA!G81 -> 534 | H80: =PWETO!H80+MITWABA!H80+KILWA!H80+KASENGA!H81 -> 116 | I80: =PWETO!I80+MITWABA!I80+KILWA!I80+KASENGA!I81 -> 0 | J80: =PWETO!J80+MITWABA!J80+KILWA!J80+KASENGA!J81 -> 0 | K80: =+I80+G80+E80+C80 -> 534 | L80: =+J80+H80+F80+D80 -> 116 | M80: =L80+K80 -> 650
A81: 2 | B81: ECC | C81: =PWETO!C81+MITWABA!C81+KILWA!C81+KASENGA!C82 -> 0 | D81: =PWETO!D81+MITWABA!D81+KILWA!D81+KASENGA!D82 -> 0 | E81: =PWETO!E81+MITWABA!E81+KILWA!E81+KASENGA!E82 -> 0 | F81: =PWETO!F81+MITWABA!F81+KILWA!F81+KASENGA!F82 -> 0 | G81: =PWETO!G81+MITWABA!G81+KILWA!G81+KASENGA!G82 -> 1667 | H81: =PWETO!H81+MITWABA!H81+KILWA!H81+KASENGA!H82 -> 331 | I81: =PWETO!I81+MITWABA!I81+KILWA!I81+KASENGA!I82 -> 0 | J81: =PWETO!J81+MITWABA!J81+KILWA!J81+KASENGA!J82 -> 0 | K81: =+I81+G81+E81+C81 -> 1667 | L81: =+J81+H81+F81+D81 -> 331 | M81: =L81+K81 -> 1998
A82: 3 | B82: ECP | C82: =PWETO!C82+MITWABA!C82+KILWA!C82+KASENGA!C83 -> 0 | D82: =PWETO!D82+MITWABA!D82+KILWA!D82+KASENGA!D83 -> 0 | E82: =PWETO!E82+MITWABA!E82+KILWA!E82+KASENGA!E83 -> 0 | F82: =PWETO!F82+MITWABA!F82+KILWA!F82+KASENGA!F83 -> 0 | G82: =PWETO!G82+MITWABA!G82+KILWA!G82+KASENGA!G83 -> 1424 | H82: =PWETO!H82+MITWABA!H82+KILWA!H82+KASENGA!H83 -> 434 | I82: =PWETO!I82+MITWABA!I82+KILWA!I82+KASENGA!I83 -> 0 | J82: =PWETO!J82+MITWABA!J82+KILWA!J82+KASENGA!J83 -> 0 | K82: =+I82+G82+E82+C82 -> 1424 | L82: =+J82+H82+F82+D82 -> 434 | M82: =L82+K82 -> 1858
A83: 4 | B83: ECK | C83: =PWETO!C83+MITWABA!C83+KILWA!C83+KASENGA!C84 -> 0 | D83: =PWETO!D83+MITWABA!D83+KILWA!D83+KASENGA!D84 -> 0 | E83: =PWETO!E83+MITWABA!E83+KILWA!E83+KASENGA!E84 -> 0 | F83: =PWETO!F83+MITWABA!F83+KILWA!F83+KASENGA!F84 -> 0 | G83: =PWETO!G83+MITWABA!G83+KILWA!G83+KASENGA!G84 -> 91 | H83: =PWETO!H83+MITWABA!H83+KILWA!H83+KASENGA!H84 -> 17 | I83: =PWETO!I83+MITWABA!I83+KILWA!I83+KASENGA!I84 -> 0 | J83: =PWETO!J83+MITWABA!J83+KILWA!J83+KASENGA!J84 -> 0 | K83: =+I83+G83+E83+C83 -> 91 | L83: =+J83+H83+F83+D83 -> 17 | M83: =L83+K83 -> 108
A84: 5 | B84: ECBAPT | C84: =PWETO!C84+MITWABA!C84+KILWA!C84+KASENGA!C85 -> 0 | D84: =PWETO!D84+MITWABA!D84+KILWA!D84+KASENGA!D85 -> 0 | E84: =PWETO!E84+MITWABA!E84+KILWA!E84+KASENGA!E85 -> 0 | F84: =PWETO!F84+MITWABA!F84+KILWA!F84+KASENGA!F85 -> 0 | G84: =PWETO!G84+MITWABA!G84+KILWA!G84+KASENGA!G85 -> 0 | H84: =PWETO!H84+MITWABA!H84+KILWA!H84+KASENGA!H85 -> 0 | I84: =PWETO!I84+MITWABA!I84+KILWA!I84+KASENGA!I85 -> 0 | J84: =PWETO!J84+MITWABA!J84+KILWA!J84+KASENGA!J85 -> 0 | K84: =+I84+G84+E84+C84 -> 0 | L84: =+J84+H84+F84+D84 -> 0 | M84: =L84+K84 -> 0
A85: 6 | B85: ECADV | C85: =PWETO!C85+MITWABA!C85+KILWA!C85+KASENGA!C86 -> 0 | D85: =PWETO!D85+MITWABA!D85+KILWA!D85+KASENGA!D86 -> 0 | E85: =PWETO!E85+MITWABA!E85+KILWA!E85+KASENGA!E86 -> 0 | F85: =PWETO!F85+MITWABA!F85+KILWA!F85+KASENGA!F86 -> 0 | G85: =PWETO!G85+MITWABA!G85+KILWA!G85+KASENGA!G86 -> 36 | H85: =PWETO!H85+MITWABA!H85+KILWA!H85+KASENGA!H86 -> 20 | I85: =PWETO!I85+MITWABA!I85+KILWA!I85+KASENGA!I86 -> 0 | J85: =PWETO!J85+MITWABA!J85+KILWA!J85+KASENGA!J86 -> 0 | K85: =+I85+G85+E85+C85 -> 36 | L85: =+J85+H85+F85+D85 -> 20 | M85: =L85+K85 -> 56
A86: 7 | B86: PRIVEE | C86: =PWETO!C86+MITWABA!C86+KILWA!C86+KASENGA!C87 -> 0 | D86: =PWETO!D86+MITWABA!D86+KILWA!D86+KASENGA!D87 -> 0 | E86: =PWETO!E86+MITWABA!E86+KILWA!E86+KASENGA!E87 -> 0 | F86: =PWETO!F86+MITWABA!F86+KILWA!F86+KASENGA!F87 -> 0 | G86: =PWETO!G86+MITWABA!G86+KILWA!G86+KASENGA!G87 -> 38 | H86: =PWETO!H86+MITWABA!H86+KILWA!H86+KASENGA!H87 -> 24 | I86: =PWETO!I86+MITWABA!I86+KILWA!I86+KASENGA!I87 -> 0 | J86: =PWETO!J86+MITWABA!J86+KILWA!J86+KASENGA!J87 -> 0 | K86: =+I86+G86+E86+C86 -> 38 | L86: =+J86+H86+F86+D86 -> 24 | M86: =L86+K86 -> 62
A87: TOTAL | C87: =SUM(C80:C86) -> 0 | D87: =SUM(D80:D86) -> 0 | E87: =SUM(E80:E86) -> 0 | F87: =SUM(F80:F86) -> 0 | G87: =SUM(G80:G86) -> 3790 | H87: =SUM(H80:H86) -> 942 | I87: =SUM(I80:I86) -> 0 | J87: =SUM(J80:J86) -> 0 | ... M87: =SUM(M80:M86) -> 4732
A90: ENSEIGNEMENT SECONDAIRE
A91: Tableau 1 : Nombre de classes organisées par année d’études et regime de gestion
A92: N° | B92: Classe et Régime de Gestion | C92: 7e année | D92: 8e Année | E92: 1ère année | F92: 2e année | G92: 3e Année | H92: 4e Année | I92: TOTAL
A93: 1 | B93: ENC | C93: =PWETO!C93+MITWABA!C93+KILWA!C93+KASENGA!C94 -> 64 | D93: =PWETO!D93+MITWABA!D93+KILWA!D93+KASENGA!D94 -> 64 | E93: =PWETO!E93+MITWABA!E93+KILWA!E93+KASENGA!E94 -> 67 | F93: =PWETO!F93+MITWABA!F93+KILWA!F93+KASENGA!F94 -> 62 | G93: =PWETO!G93+MITWABA!G93+KILWA!G93+KASENGA!G94 -> 60 | H93: =PWETO!H93+MITWABA!H93+KILWA!H93+KASENGA!H94 -> 51 | I93: =SUM(C93:H93) -> 368
A94: 2 | B94: ECC | C94: =PWETO!C94+MITWABA!C94+KILWA!C94+KASENGA!C95 -> 123 | D94: =PWETO!D94+MITWABA!D94+KILWA!D94+KASENGA!D95 -> 120 | E94: =PWETO!E94+MITWABA!E94+KILWA!E94+KASENGA!E95 -> 127 | F94: =PWETO!F94+MITWABA!F94+KILWA!F94+KASENGA!F95 -> 126 | G94: =PWETO!G94+MITWABA!G94+KILWA!G94+KASENGA!G95 -> 113 | H94: =PWETO!H94+MITWABA!H94+KILWA!H94+KASENGA!H95 -> 103 | I94: =SUM(C94:H94) -> 712
A95: 3 | B95: ECP | C95: =PWETO!C95+MITWABA!C95+KILWA!C95+KASENGA!C96 -> 150 | D95: =PWETO!D95+MITWABA!D95+KILWA!D95+KASENGA!D96 -> 147 | E95: =PWETO!E95+MITWABA!E95+KILWA!E95+KASENGA!E96 -> 165 | F95: =PWETO!F95+MITWABA!F95+KILWA!F95+KASENGA!F96 -> 157 | G95: =PWETO!G95+MITWABA!G95+KILWA!G95+KASENGA!G96 -> 157 | H95: =PWETO!H95+MITWABA!H95+KILWA!H95+KASENGA!H96 -> 137 | I95: =SUM(C95:H95) -> 913
A96: 4 | B96: ECK | C96: =PWETO!C96+MITWABA!C96+KILWA!C96+KASENGA!C97 -> 7 | D96: =PWETO!D96+MITWABA!D96+KILWA!D96+KASENGA!D97 -> 7 | E96: =PWETO!E96+MITWABA!E96+KILWA!E96+KASENGA!E97 -> 7 | F96: =PWETO!F96+MITWABA!F96+KILWA!F96+KASENGA!F97 -> 6 | G96: =PWETO!G96+MITWABA!G96+KILWA!G96+KASENGA!G97 -> 6 | H96: =PWETO!H96+MITWABA!H96+KILWA!H96+KASENGA!H97 -> 3 | I96: =SUM(C96:H96) -> 36
A97: 5 | B97: ECBAPT | C97: =PWETO!C97+MITWABA!C97+KILWA!C97+KASENGA!C98 -> 1 | D97: =PWETO!D97+MITWABA!D97+KILWA!D97+KASENGA!D98 -> 1 | E97: =PWETO!E97+MITWABA!E97+KILWA!E97+KASENGA!E98 -> 1 | F97: =PWETO!F97+MITWABA!F97+KILWA!F97+KASENGA!F98 -> 0 | G97: =PWETO!G97+MITWABA!G97+KILWA!G97+KASENGA!G98 -> 0 | H97: =PWETO!H97+MITWABA!H97+KILWA!H97+KASENGA!H98 -> 0 | I97: =SUM(C97:H97) -> 3
A98: 6 | B98: ECADV | C98: =PWETO!C98+MITWABA!C98+KILWA!C98+KASENGA!C99 -> 10 | D98: =PWETO!D98+MITWABA!D98+KILWA!D98+KASENGA!D99 -> 10 | E98: =PWETO!E98+MITWABA!E98+KILWA!E98+KASENGA!E99 -> 10 | F98: =PWETO!F98+MITWABA!F98+KILWA!F98+KASENGA!F99 -> 11 | G98: =PWETO!G98+MITWABA!G98+KILWA!G98+KASENGA!G99 -> 10 | H98: =PWETO!H98+MITWABA!H98+KILWA!H98+KASENGA!H99 -> 9 | I98: =SUM(C98:H98) -> 60
A99: 7 | B99: PRIVEE | C99: =PWETO!C99+MITWABA!C99+KILWA!C99+KASENGA!C100 -> 7 | D99: =PWETO!D99+MITWABA!D99+KILWA!D99+KASENGA!D100 -> 6 | E99: =PWETO!E99+MITWABA!E99+KILWA!E99+KASENGA!E100 -> 12 | F99: =PWETO!F99+MITWABA!F99+KILWA!F99+KASENGA!F100 -> 10 | G99: =PWETO!G99+MITWABA!G99+KILWA!G99+KASENGA!G100 -> 8 | H99: =PWETO!H99+MITWABA!H99+KILWA!H99+KASENGA!H100 -> 5 | I99: =SUM(C99:H99) -> 48
A100: TOTAL | C100: =SUM(C93:C99) -> 362 | D100: =SUM(D93:D99) -> 355 | E100: =SUM(E93:E99) -> 389 | F100: =SUM(F93:F99) -> 372 | G100: =SUM(G93:G99) -> 354 | H100: =SUM(H93:H99) -> 308 | I100: =SUM(I93:I99) -> 2140
A102: Tableau : Eleves inscrits par niveau d’études, sexe et regime de gestion
A104: N° | B104: Niveau d’enseignement et Régime de Gestion | C104: 7e année | E104: 8e Année | G104: 1ère année | I104: 2e année | K104: 3e Année | M104: 4e Année | O104: TOTAL
C105: G | D105: F | E105: G | F105: F | G105: G | H105: F | I105: G | J105: F | K105: G | L105: F | M105: G | N105: F | O105: G | P105: F | Q105: GF
A106: 1 | B106: ENC | C106: =PWETO!C106+MITWABA!C106+KILWA!C106+KASENGA!C107 -> 1426 | D106: =PWETO!D106+MITWABA!D106+KILWA!D106+KASENGA!D107 -> 1037 | E106: =PWETO!E106+MITWABA!E106+KILWA!E106+KASENGA!E107 -> 1355 | F106: =PWETO!F106+MITWABA!F106+KILWA!F106+KASENGA!F107 -> 823 | G106: =PWETO!G106+MITWABA!G106+KILWA!G106+KASENGA!G107 -> 856 | H106: =PWETO!H106+MITWABA!H106+KILWA!H106+KASENGA!H107 -> 609 | I106: =PWETO!I106+MITWABA!I106+KILWA!I106+KASENGA!I107 -> 699 | J106: =PWETO!J106+MITWABA!J106+KILWA!J106+KASENGA!J107 -> 442 | ... Q106: =PWETO!Q106+MITWABA!Q106+KILWA!Q106+KASENGA!Q107 -> 9074
A107: 2 | B107: ECC | C107: =PWETO!C107+MITWABA!C107+KILWA!C107+KASENGA!C108 -> 2597 | D107: =PWETO!D107+MITWABA!D107+KILWA!D107+KASENGA!D108 -> 1954 | E107: =PWETO!E107+MITWABA!E107+KILWA!E107+KASENGA!E108 -> 2205 | F107: =PWETO!F107+MITWABA!F107+KILWA!F107+KASENGA!F108 -> 1509 | G107: =PWETO!G107+MITWABA!G107+KILWA!G107+KASENGA!G108 -> 1818 | H107: =PWETO!H107+MITWABA!H107+KILWA!H107+KASENGA!H108 -> 1226 | I107: =PWETO!I107+MITWABA!I107+KILWA!I107+KASENGA!I108 -> 1297 | J107: =PWETO!J107+MITWABA!J107+KILWA!J107+KASENGA!J108 -> 856 | ... Q107: =PWETO!Q107+MITWABA!Q107+KILWA!Q107+KASENGA!Q108 -> 16523
A108: 3 | B108: ECP | C108: =PWETO!C108+MITWABA!C108+KILWA!C108+KASENGA!C109 -> 3862 | D108: =PWETO!D108+MITWABA!D108+KILWA!D108+KASENGA!D109 -> 2715 | E108: =PWETO!E108+MITWABA!E108+KILWA!E108+KASENGA!E109 -> 3033 | F108: =PWETO!F108+MITWABA!F108+KILWA!F108+KASENGA!F109 -> 2134 | G108: =PWETO!G108+MITWABA!G108+KILWA!G108+KASENGA!G109 -> 2406 | H108: =PWETO!H108+MITWABA!H108+KILWA!H108+KASENGA!H109 -> 1524 | I108: =PWETO!I108+MITWABA!I108+KILWA!I108+KASENGA!I109 -> 1929 | J108: =PWETO!J108+MITWABA!J108+KILWA!J108+KASENGA!J109 -> 1117 | ... Q108: =PWETO!Q108+MITWABA!Q108+KILWA!Q108+KASENGA!Q109 -> 23207
A109: 4 | B109: ECK | C109: =PWETO!C109+MITWABA!C109+KILWA!C109+KASENGA!C110 -> 170 | D109: =PWETO!D109+MITWABA!D109+KILWA!D109+KASENGA!D110 -> 103 | E109: =PWETO!E109+MITWABA!E109+KILWA!E109+KASENGA!E110 -> 137 | F109: =PWETO!F109+MITWABA!F109+KILWA!F109+KASENGA!F110 -> 78 | G109: =PWETO!G109+MITWABA!G109+KILWA!G109+KASENGA!G110 -> 99 | H109: =PWETO!H109+MITWABA!H109+KILWA!H109+KASENGA!H110 -> 45 | I109: =PWETO!I109+MITWABA!I109+KILWA!I109+KASENGA!I110 -> 93 | J109: =PWETO!J109+MITWABA!J109+KILWA!J109+KASENGA!J110 -> 38 | ... Q109: =PWETO!Q109+MITWABA!Q109+KILWA!Q109+KASENGA!Q110 -> 833
A110: 5 | B110: ECBAPT | C110: =PWETO!C110+MITWABA!C110+KILWA!C110+KASENGA!C111 -> 14 | D110: =PWETO!D110+MITWABA!D110+KILWA!D110+KASENGA!D111 -> 10 | E110: =PWETO!E110+MITWABA!E110+KILWA!E110+KASENGA!E111 -> 10 | F110: =PWETO!F110+MITWABA!F110+KILWA!F110+KASENGA!F111 -> 3 | G110: =PWETO!G110+MITWABA!G110+KILWA!G110+KASENGA!G111 -> 5 | H110: =PWETO!H110+MITWABA!H110+KILWA!H110+KASENGA!H111 -> 2 | I110: =PWETO!I110+MITWABA!I110+KILWA!I110+KASENGA!I111 -> 0 | J110: =PWETO!J110+MITWABA!J110+KILWA!J110+KASENGA!J111 -> 0 | ... Q110: =PWETO!Q110+MITWABA!Q110+KILWA!Q110+KASENGA!Q111 -> 44
...

Sheet SYNTHESE GENERALE
A1: COLLECTE RAPIDE DES DONNEES STATISTIQUES SCOLAIRES DES PARAMETRES ESSENTIELS
A2: TABLEAU SYNTHESE
A3: SOUS-DIVISION EDUCATIONNELLE :…………………………………………………………………………………. | D3: KASENGA, KILWA, MITWABA, PWETO
A4: PROVINCE EDUCATIONNELLE :…………………………………………………………………………………. | D4: HAUT-KATANGA 2
A5: PROVINCE ADMINISTRATIVE :…………………………………………………………………………………. | D5: HAUT-KATANGA
A6: Tableau 1 : Nombre d’Etablissements scolaires par Niveau d’enseignement et Regime de Gestion
A7: N° | B7: Niveau d’enseignement et Régime de Gestion | C7: PRE-PRIMAIRE | D7: PRIMAIRE | E7: SECONDAIRE | F7: TOTAL
A8: 1 | B8: ENC | C8: 3 | D8: 77 | E8: 59 | F8: 139
A9: 2 | B9: ECC | C9: 7 | D9: 248 | E9: 102 | F9: 357
A10: 3 | B10: ECP | C10: 2 | D10: 283 | E10: 135 | F10: 420
A11: 4 | B11: ECK | C11: 0 | D11: 21 | E11: 7 | F11: 28
A12: 5 | B12: ECBAPT | C12: 0 | D12: 0 | E12: 1 | F12: 1
A13: 6 | B13: ECADV | C13: 0 | D13: 9 | E13: 6 | F13: 15
A14: 7 | B14: PRIVEE | C14: 1 | D14: 10 | E14: 6 | F14: 17
A15: TOTAL | C15: 13 | D15: 648 | E15: 316 | F15: 997
A17: ENSEIGNEMENT PRE-PRIMAIRE
A18: Tableau 2 : Nombre de classes organisées par année d’études et regime de gestion
A19: N° | B19: Niveau d’enseignement et Régime de Gestion | C19: 1ère année | D19: 2è année | E19: 3è annnée | F19: TOTAL
A20: 1 | B20: ENC | F20: 9
A21: 2 | B21: ECC | F21: 22
A22: 3 | B22: ECP | F22: 7
A23: 4 | B23: ECK | F23: 0
A24: 5 | B24: ECBAPT | F24: 0
A25: 6 | B25: ECADV | F25: 0
A26: 7 | B26: PRIVEE | F26: 3
A27: TOTAL | F27: 41
A29: Tableau : Enfants inscrits par année d’études, sexe et regime de gestion
A30: N° | B30: Niveau d’enseignement et Régime de Gestion | C30: 1ère Année | E30: 2è Année | G30: 3è Année | I30: TOTAL
C31: G | D31: F | E31: G | F31: F | G31: G | H31: F | I31: G | J31: F | K31: GF
A32: 1 | B32: ENC | J32: 60 | K32: 129
A33: 2 | B33: ECC | J33: 282 | K33: 570
A34: 3 | B34: ECP | J34: 42 | K34: 76
A35: 4 | B35: ECK | J35: 0 | K35: 0
A36: 5 | B36: ECBAPT | J36: 0 | K36: 0
A37: 6 | B37: ECADV | J37: 0 | K37: 0
A38: 7 | B38: PRIVEE | J38: 9 | K38: 18
A39: TOTAL | J39: 393 | K39: 793
A41: Tableau 4 : Educateurs (trices) par qualification, sexe et régime de gestion
A42: N° | B42: Niveau d’enseignement et Régime de Gestion | C42: EAP, D3 | E42: D4 | G42: EM | I42: D6 | K42: AUTRE | M42: TOTAL
C43: H | D43: F | E43: H | F43: F | G43: H | H43: F | I43: H | J43: F | K43: H | L43: F | M43: H | N43: F | O43: HF
A44: 1 | B44: ENC | N44: 9 | O44: 9
A45: 2 | B45: ECC | N45: 28 | O45: 28
A46: 3 | B46: ECP | N46: 7 | O46: 7
A47: 4 | B47: ECK | N47: 0 | O47: 0
A48: 5 | B48: ECBAPT | N48: 0 | O48: 0
A49: 6 | B49: ECADV | N49: 0 | O49: 0
A50: 7 | B50: PRIVEE | N50: 3 | O50: 3
A51: TOTAL | N51: 47 | O51: 47
A53: ENSEIGNEMENT PRIMAIRE
A54: Tableau 1 : Nombre de classes organisées par année d’études et régime de gestion
A55: N° | B55: Niveau d’enseignement et Régime de Gestion | C55: 1ère année | D55: 2e année | E55: 3e année | F55: 4e année | G55: 5e | H55: 6e | I55: TOTAL
A56: 1 | B56: ENC | I56: 650
A57: 2 | B57: ECC | I57: 1998
A58: 3 | B58: ECP | I58: 1858
A59: 4 | B59: ECK | I59: 108
A60: 5 | B60: ECBAPT | I60: 0
A61: 6 | B61: ECADV | I61: 56
A62: 7 | B62: PRIVEE | I62: 62
A63: TOTAL | I63: 4732
A65: Tableau 2: Elèves inscrits par année d’études, sexe et régime de gestion
A66: N° | B66: Niveau d’enseignement et Régime de Gestion | C66: 1ère année | E66: 2e année | G66: 3e Année | I66: 4e Année | K66: 5e Année | M66: 6e Année | O66: TOTAL
C67: G | D67: F | E67: G | F67: F | G67: G | H67: F | I67: G | J67: F | K67: G | L67: F | M67: G | N67: F | O67: G | P67: F | Q67: GF
A68: 1 | B68: ENC | P68: 12345 | Q68: 25240
A69: 2 | B69: ECC | P69: 43760 | Q69: 88948
A70: 3 | B70: ECP | P70: 46293 | Q70: 97322
A71: 4 | B71: ECK | P71: 1908 | Q71: 4115
A72: 5 | B72: ECBAPT | P72: 0 | Q72: 0
A73: 6 | B73: ECADV | P73: 1407 | Q73: 3141
A74: 7 | B74: PRIVEE | P74: 1088 | Q74: 2071
A75: TOTAL | P75: 106801 | Q75: 223543
A77: Tableau 3 : Personnel enseignant par qualification, sexe et regime de gestion
A78: N° | B78: Niveau d’enseignement et Régime de Gestion | C78: EAP, D3 | E78: D4 | G78: D6 | I78: AUTRE | K78: TOATAL
C79: H | D79: F | E79: H | F79: F | G79: H | H79: F | I79: H | J79: F | K79: H | L79: F | M79: HF
A80: 1 | B80: ENC | L80: 116 | M80: 650
A81: 2 | B81: ECC | L81: 331 | M81: 1998
A82: 3 | B82: ECP | L82: 434 | M82: 1858
A83: 4 | B83: ECK | L83: 17 | M83: 108
A84: 5 | B84: ECBAPT | L84: 0 | M84: 0
A85: 6 | B85: ECADV | L85: 20 | M85: 56
A86: 7 | B86: PRIVEE | L86: 24 | M86: 62
A87: TOTAL | L87: 940 | M87: 4732
A90: ENSEIGNEMENT SECONDAIRE
A91: Tableau 1 : Nombre de classes organisées par année d’études et regime de gestion
A92: N° | B92: Classe et Régime de Gestion | C92: 7e année | D92: 8e Année | E92: 1ère année | F92: 2e année | G92: 3e Année | H92: 4e Année | I92: TOTAL
A93: 1 | B93: ENC | I93: 368
A94: 2 | B94: ECC | I94: 712
A95: 3 | B95: ECP | I95: 913
A96: 4 | B96: ECK | I96: 36
A97: 5 | B97: ECBAPT | I97: 3
A98: 6 | B98: ECADV | I98: 60
A99: 7 | B99: PRIVEE | I99: 48
A100: TOTAL | I100: 2140
A102: Tableau : Eleves inscrits par niveau d’études, sexe et regime de gestion
A104: N° | B104: Niveau d’enseignement et Régime de Gestion | C104: 7e année | E104: 8e Année | G104: 1ère année | I104: 2e année | K104: 3e Année | M104: 4e Année | O104: TOTAL
C105: G | D105: F | E105: G | F105: F | G105: G | H105: F | I105: G | J105: F | K105: G | L105: F | M105: G | N105: F | O105: G | P105: F | Q105: GF
A106: 1 | B106: ENC | P106: 3558 | Q106: 10077
A107: 2 | B107: ECC | P107: 6967 | Q107: 17864
A108: 3 | B108: ECP | P108: 9292 | Q108: 23822
A109: 4 | B109: ECK | P109: 282 | Q109: 833
A110: 5 | B110: ECBAPT | P110: 15 | Q110: 44
...
